'charged', 'aliphatic', 'aromatic', 'polar', 'neutral', 'hydrophobic', 'positively_charged', 'negatively_charged', 'tiny', 'small', 'large',Label
22.381, 22.857, 8.413, 28.889, 40.476, 30.635, 10.0, 12.381, 38.889, 50.476, 10.635,amino
13.542, 27.083, 13.75, 20.208, 39.167, 40.625, 7.917, 5.625, 35.625, 49.167, 15.208,amino
18.641, 23.697, 14.218, 23.697, 40.284, 36.019, 10.111, 8.531, 36.651, 47.393, 15.956,amino
17.774, 27.409, 9.801, 22.924, 38.704, 38.372, 9.967, 7.807, 38.04, 48.837, 13.123,amino
12.936, 30.39, 13.142, 17.864, 39.425, 42.71, 6.982, 5.955, 31.417, 52.772, 15.811,amino
18.75, 25.164, 15.789, 23.355, 38.487, 38.158, 10.855, 7.895, 33.388, 48.026, 18.586,amino
12.982, 28.6, 14.604, 18.053, 39.757, 42.191, 7.911, 5.071, 34.483, 48.682, 16.836,amino
15.993, 27.417, 11.775, 22.496, 35.852, 41.652, 8.963, 7.03, 33.568, 52.548, 13.884,amino
14.634, 26.655, 15.157, 22.648, 38.328, 39.024, 7.84, 6.794, 33.449, 50.0, 16.551,amino
16.944, 21.595, 11.628, 23.92, 40.864, 35.216, 10.631, 6.312, 38.206, 46.512, 15.282,amino
16.41, 23.248, 13.846, 22.906, 40.513, 36.581, 8.034, 8.376, 37.436, 45.812, 16.752,amino
16.082, 30.309, 12.371, 21.443, 35.052, 43.505, 8.66, 7.423, 32.99, 54.021, 12.99,amino
17.469, 25.86, 14.718, 22.146, 37.964, 39.89, 9.078, 8.391, 31.774, 52.132, 16.094,amino
24.818, 20.292, 14.599, 32.555, 35.62, 31.825, 12.555, 12.263, 32.263, 51.095, 16.642,amino
13.318, 29.345, 14.673, 17.156, 38.375, 44.47, 8.126, 5.192, 34.312, 49.436, 16.253,amino
15.17, 31.337, 12.974, 18.762, 37.525, 43.713, 9.381, 5.788, 30.339, 53.892, 15.768,amino
19.337, 29.466, 8.103, 25.967, 34.07, 39.963, 10.313, 9.024, 30.939, 57.274, 11.786,amino
12.453, 28.113, 13.585, 16.038, 42.075, 41.887, 7.736, 4.717, 33.585, 50.755, 15.66,amino
10.722, 29.691, 13.814, 15.876, 40.619, 43.505, 7.835, 2.887, 34.433, 50.722, 14.845,amino
19.463, 25.336, 15.94, 24.161, 37.416, 38.423, 10.57, 8.893, 32.55, 49.329, 18.121,amino
17.775, 23.844, 12.428, 23.699, 43.064, 33.237, 10.694, 7.081, 35.983, 50.578, 13.439,amino
9.339, 31.891, 11.845, 12.528, 44.419, 43.052, 5.695, 3.645, 39.18, 47.153, 13.667,amino
17.404, 33.333, 10.914, 18.879, 35.103, 46.018, 10.324, 7.08, 30.088, 55.752, 14.159,amino
20.211, 23.68, 13.122, 26.244, 37.557, 36.199, 11.011, 9.201, 34.389, 49.925, 15.686,amino
15.695, 26.009, 17.713, 18.834, 39.91, 41.256, 9.865, 5.83, 31.614, 51.121, 17.265,amino
14.835, 29.487, 16.3, 17.949, 37.363, 44.689, 8.974, 5.861, 31.868, 50.916, 17.216,amino
19.863, 24.658, 10.959, 25.685, 39.041, 35.274, 12.329, 7.534, 37.671, 50.0, 12.329,amino
19.135, 21.631, 16.805, 24.792, 37.937, 37.271, 9.151, 9.983, 32.446, 49.917, 17.637,amino
15.079, 30.159, 14.087, 18.651, 39.087, 42.262, 8.929, 6.151, 32.738, 52.778, 14.484,amino
14.196, 27.129, 15.615, 21.767, 35.174, 43.06, 6.467, 7.729, 31.073, 52.05, 16.877,amino
11.111, 32.85, 7.971, 16.667, 39.855, 43.478, 6.763, 4.348, 37.923, 51.932, 10.145,amino
14.591, 29.537, 14.413, 20.463, 37.9, 41.637, 8.719, 5.872, 32.562, 50.712, 16.726,amino
15.443, 27.872, 12.994, 23.352, 35.782, 40.866, 7.91, 7.533, 32.768, 51.977, 15.254,amino
20.209, 30.139, 8.014, 24.39, 35.192, 40.418, 10.627, 9.582, 33.972, 56.969, 9.059,amino
15.712, 30.499, 7.579, 19.963, 41.035, 39.002, 7.579, 8.133, 38.078, 51.017, 10.906,amino
11.22, 32.48, 12.795, 14.37, 39.764, 45.866, 7.087, 4.134, 31.299, 54.921, 13.78,amino
16.308, 27.957, 14.875, 20.072, 41.577, 38.351, 8.961, 7.348, 35.305, 47.491, 17.204,amino
19.495, 26.227, 13.604, 25.666, 36.325, 38.008, 11.781, 7.714, 31.417, 52.314, 16.269,amino
17.966, 24.407, 16.102, 22.034, 39.322, 38.644, 10.0, 7.966, 34.237, 47.288, 18.475,amino
12.667, 32.333, 10.333, 18.667, 37.0, 44.333, 6.667, 6.0, 32.667, 54.0, 13.333,amino
17.91, 25.373, 12.272, 22.554, 39.801, 37.645, 9.619, 8.292, 37.479, 47.595, 14.925,amino
17.185, 25.859, 15.057, 23.732, 38.298, 37.971, 9.165, 8.02, 32.897, 50.082, 17.021,amino
14.379, 31.373, 12.418, 16.993, 39.869, 43.137, 9.804, 4.575, 31.373, 53.595, 15.033,amino
18.573, 23.419, 11.978, 25.437, 38.762, 35.801, 9.421, 9.152, 34.59, 50.202, 15.209,amino
17.207, 24.824, 13.117, 25.106, 37.236, 37.659, 9.732, 7.475, 32.581, 53.456, 13.963,amino
14.653, 28.317, 13.663, 19.01, 40.0, 40.99, 8.317, 6.337, 32.277, 54.059, 13.663,amino
13.007, 26.858, 15.203, 19.595, 39.696, 40.709, 6.757, 6.25, 33.953, 49.324, 16.723,amino
13.014, 30.594, 13.014, 15.753, 40.411, 43.836, 7.991, 5.023, 35.16, 51.142, 13.699,amino
11.603, 30.591, 11.814, 18.143, 39.241, 42.616, 8.228, 3.376, 36.287, 49.156, 14.557,amino
7.85, 31.399, 14.676, 11.945, 43.686, 44.369, 5.461, 2.389, 36.519, 47.782, 15.7,amino
18.321, 30.344, 8.206, 24.427, 34.16, 41.412, 8.969, 9.351, 33.779, 55.344, 10.878,amino
15.052, 23.711, 15.052, 19.381, 43.918, 36.701, 9.485, 5.567, 39.588, 44.33, 16.082,amino
9.213, 29.438, 12.135, 12.809, 45.169, 42.022, 6.067, 3.146, 39.551, 46.966, 13.483,amino
16.928, 26.527, 14.66, 22.688, 36.824, 40.489, 8.901, 8.028, 32.984, 48.691, 18.325,amino
13.616, 33.036, 10.938, 17.411, 38.839, 43.75, 8.929, 4.688, 32.589, 55.134, 12.277,amino
14.916, 26.636, 12.785, 19.787, 39.878, 40.335, 7.763, 7.154, 36.225, 47.945, 15.83,amino
12.6, 28.2, 12.4, 18.0, 40.0, 42.0, 7.2, 5.4, 35.0, 51.0, 14.0,amino
27.237, 26.07, 8.56, 34.241, 32.296, 33.463, 15.564, 11.673, 27.626, 61.479, 10.895,amino
16.123, 25.557, 14.237, 20.069, 40.309, 39.623, 9.091, 7.033, 37.05, 45.798, 17.153,amino
16.771, 24.28, 17.897, 23.78, 36.921, 39.299, 10.013, 6.758, 29.537, 50.814, 19.65,amino
17.07, 24.586, 15.287, 21.783, 39.108, 39.108, 9.045, 8.025, 34.013, 50.064, 15.924,amino
13.929, 32.432, 10.187, 18.503, 38.254, 43.243, 8.732, 5.198, 33.472, 55.509, 11.019,amino
12.944, 29.854, 12.944, 16.075, 38.831, 45.094, 7.724, 5.219, 32.777, 53.445, 13.779,amino
16.165, 28.947, 7.519, 20.865, 41.917, 37.218, 8.271, 7.895, 38.346, 52.068, 9.586,amino
18.901, 25.687, 14.216, 24.071, 37.803, 38.126, 10.662, 8.239, 33.926, 50.242, 15.832,amino
14.629, 29.039, 13.537, 20.524, 36.245, 43.231, 9.17, 5.459, 34.061, 51.092, 14.847,amino
14.757, 28.738, 13.592, 19.417, 38.641, 41.942, 7.379, 7.379, 33.786, 50.291, 15.922,amino
11.792, 30.189, 16.038, 16.981, 40.094, 42.925, 8.491, 3.302, 33.491, 49.057, 17.453,amino
16.227, 25.152, 15.416, 19.473, 41.582, 38.945, 10.345, 5.882, 36.511, 47.465, 16.024,amino
27.162, 21.729, 14.412, 37.805, 30.488, 31.707, 14.745, 12.417, 29.601, 53.437, 16.962,amino
26.369, 25.355, 12.373, 29.209, 35.7, 35.091, 14.199, 12.17, 33.469, 53.144, 13.387,anion
15.347, 31.436, 13.861, 20.792, 33.911, 45.297, 9.406, 5.941, 28.713, 54.95, 16.337,anion
26.059, 17.915, 10.098, 30.293, 42.671, 27.036, 10.098, 15.961, 36.808, 50.163, 13.029,anion
20.805, 21.477, 11.745, 26.51, 40.268, 33.221, 13.423, 7.383, 34.899, 49.664, 15.436,anion
19.295, 26.214, 10.645, 24.95, 38.456, 36.593, 11.178, 8.117, 34.797, 50.566, 14.637,anion
13.722, 33.835, 8.083, 16.165, 40.977, 42.857, 7.895, 5.827, 36.278, 50.188, 13.534,anion
17.114, 26.398, 11.186, 25.615, 36.801, 37.584, 9.843, 7.271, 32.662, 55.593, 11.745,anion
18.198, 25.303, 13.172, 21.837, 39.168, 38.995, 10.572, 7.626, 36.742, 48.007, 15.251,anion
14.026, 29.538, 10.561, 18.482, 41.254, 40.264, 7.591, 6.436, 34.818, 51.65, 13.531,anion
22.36, 23.602, 10.248, 28.261, 40.683, 31.056, 15.217, 7.143, 31.677, 55.901, 12.422,anion
14.308, 25.972, 11.975, 19.285, 41.369, 39.347, 9.176, 5.132, 36.392, 48.212, 15.397,anion
17.668, 20.848, 10.601, 27.562, 42.756, 29.682, 9.541, 8.127, 40.283, 48.41, 11.307,anion
25.806, 23.871, 11.935, 36.129, 25.806, 38.065, 14.516, 11.29, 26.452, 60.645, 12.903,anion
16.074, 26.058, 12.69, 21.151, 42.809, 36.041, 9.983, 6.091, 34.687, 48.562, 16.751,anion
14.286, 26.307, 10.105, 18.815, 41.463, 39.721, 7.317, 6.969, 38.153, 49.129, 12.718,anion
21.351, 26.144, 9.804, 24.183, 38.998, 36.819, 11.983, 9.368, 37.908, 49.891, 12.2,anion
10.49, 34.965, 11.422, 13.753, 40.093, 46.154, 6.061, 4.429, 36.131, 51.282, 12.587,anion
23.306, 27.1, 12.195, 28.726, 32.927, 38.347, 13.279, 10.027, 30.894, 53.523, 15.583,anion
14.829, 27.947, 9.506, 20.342, 41.065, 38.593, 9.125, 5.703, 38.403, 49.43, 12.167,anion
11.447, 24.622, 14.255, 16.415, 42.333, 41.253, 7.343, 4.104, 39.525, 43.197, 17.279,anion
20.102, 24.361, 13.118, 24.361, 40.375, 35.264, 10.733, 9.37, 37.308, 49.233, 13.458,anion
18.0, 21.333, 14.0, 24.667, 40.333, 35.0, 12.333, 5.667, 33.333, 51.333, 15.333,anion
16.308, 26.703, 12.545, 21.147, 40.323, 38.53, 9.857, 6.452, 37.634, 47.312, 15.054,anion
20.026, 29.45, 11.911, 25.785, 34.424, 39.791, 11.387, 8.639, 32.068, 53.534, 14.398,anion
23.201, 21.763, 15.468, 28.237, 36.151, 35.612, 13.849, 9.353, 31.475, 48.921, 19.604,anion
16.16, 22.652, 12.983, 21.823, 41.436, 36.74, 8.978, 7.182, 37.707, 48.204, 14.088,anion
24.275, 21.739, 11.232, 26.087, 47.464, 26.449, 14.493, 9.783, 43.841, 46.377, 9.783,anion
14.469, 22.508, 11.897, 19.936, 47.267, 32.797, 9.003, 5.466, 40.514, 45.981, 13.505,anion
13.279, 26.557, 11.639, 18.525, 41.639, 39.836, 6.721, 6.557, 37.705, 47.869, 14.426,anion
22.697, 26.61, 13.064, 30.283, 32.932, 36.785, 12.402, 10.295, 30.042, 54.064, 15.894,anion
27.292, 22.708, 14.375, 31.354, 34.167, 34.479, 14.896, 12.396, 29.167, 52.396, 18.438,anion
26.38, 23.62, 10.146, 27.273, 41.153, 31.575, 13.88, 12.5, 32.873, 53.49, 13.636,anion
14.799, 28.33, 10.148, 19.027, 41.226, 39.746, 8.879, 5.92, 36.575, 49.683, 13.742,anion
17.363, 29.67, 17.363, 22.198, 30.989, 46.813, 10.769, 6.593, 26.593, 53.187, 20.22,anion
15.101, 23.826, 12.752, 19.128, 44.631, 36.242, 8.725, 6.376, 39.597, 46.98, 13.423,anion
21.885, 25.569, 10.943, 27.844, 35.536, 36.62, 11.159, 10.726, 34.02, 53.738, 12.243,anion
19.097, 27.257, 14.757, 23.264, 35.764, 40.972, 10.59, 8.507, 30.035, 53.125, 16.84,anion
18.475, 26.78, 12.542, 22.203, 39.492, 38.305, 10.508, 7.966, 36.271, 48.305, 15.424,anion
19.231, 30.128, 9.744, 26.026, 34.872, 39.103, 9.744, 9.487, 32.821, 54.359, 12.821,anion
18.358, 24.925, 12.836, 23.284, 36.567, 40.149, 10.448, 7.91, 34.776, 51.194, 14.03,anion
14.629, 27.729, 17.686, 19.869, 35.808, 44.323, 8.952, 5.677, 28.384, 53.057, 18.559,anion
20.803, 21.168, 10.949, 27.737, 45.255, 27.007, 11.679, 9.124, 42.336, 47.445, 10.219,anion
19.581, 27.374, 11.591, 25.147, 36.739, 38.114, 10.675, 8.906, 33.268, 52.325, 14.407,anion
15.645, 26.29, 16.613, 19.516, 38.065, 42.419, 8.387, 7.258, 32.097, 49.194, 18.71,anion
25.623, 20.937, 13.36, 31.605, 35.992, 32.403, 13.36, 12.263, 30.808, 52.841, 16.351,anion
20.775, 29.386, 10.549, 24.865, 36.276, 38.859, 10.011, 10.764, 30.032, 55.974, 13.994,anion
19.487, 28.59, 11.026, 24.103, 36.795, 39.103, 10.769, 8.718, 33.333, 54.103, 12.564,anion
14.576, 27.627, 12.542, 20.169, 36.78, 43.051, 8.814, 5.763, 29.492, 56.61, 13.898,anion
29.379, 17.514, 15.254, 38.983, 33.333, 27.684, 17.514, 11.864, 33.333, 45.198, 21.469,anion
24.468, 21.277, 9.043, 29.787, 36.702, 33.511, 14.362, 10.106, 30.851, 57.447, 11.702,anion
20.847, 22.801, 13.518, 26.221, 37.459, 36.319, 10.261, 10.586, 35.668, 47.883, 16.45,anion
14.545, 27.091, 10.0, 20.545, 38.909, 40.545, 8.545, 6.0, 36.727, 49.273, 14.0,anion
19.381, 25.464, 12.062, 26.701, 35.979, 37.32, 10.0, 9.381, 31.649, 54.021, 14.33,anion
18.923, 22.853, 14.265, 24.745, 38.719, 36.536, 11.499, 7.424, 34.061, 49.927, 16.012,anion
19.35, 28.804, 11.078, 23.929, 36.928, 39.143, 11.965, 7.386, 32.496, 54.948, 12.555,anion
22.34, 19.504, 11.348, 33.333, 40.426, 26.241, 11.702, 10.638, 40.78, 47.872, 11.348,anion
10.491, 29.018, 10.938, 15.848, 42.857, 41.295, 6.473, 4.018, 38.839, 47.098, 14.062,anion
14.016, 26.299, 16.535, 17.953, 38.898, 43.15, 7.244, 6.772, 34.488, 47.087, 18.425,anion
23.82, 23.82, 15.148, 31.175, 31.614, 37.212, 12.404, 11.416, 27.003, 54.665, 18.332,anion
24.103, 22.222, 15.214, 30.085, 36.068, 33.846, 13.162, 10.94, 27.521, 55.214, 17.265,anion
20.342, 27.019, 8.385, 25.466, 40.839, 33.696, 11.18, 9.161, 38.665, 50.311, 11.025,cation
21.239, 27.497, 11.441, 26.802, 34.956, 38.243, 12.073, 9.166, 32.301, 53.097, 14.602,cation
26.806, 19.582, 13.498, 32.129, 35.171, 32.7, 13.118, 13.688, 33.84, 50.57, 15.589,cation
26.426, 17.695, 10.477, 32.829, 40.861, 26.31, 14.086, 12.34, 36.903, 50.175, 12.922,cation
16.587, 27.273, 15.63, 21.372, 39.234, 39.394, 9.569, 7.018, 32.855, 49.123, 18.022,cation
23.729, 16.949, 16.949, 28.814, 38.983, 32.203, 15.254, 8.475, 30.508, 47.458, 22.034,cation
18.447, 28.155, 10.68, 26.214, 37.864, 35.922, 11.65, 6.796, 28.155, 57.282, 14.563,cation
23.197, 24.561, 7.407, 30.409, 39.376, 30.214, 11.696, 11.501, 37.622, 50.682, 11.696,cation
33.333, 23.718, 3.846, 41.667, 29.487, 28.846, 16.667, 16.667, 32.692, 57.692, 9.615,cation
23.931, 24.671, 8.059, 28.289, 38.322, 33.388, 13.24, 10.691, 39.062, 50.74, 10.197,cation
25.139, 20.436, 11.928, 29.842, 38.478, 31.68, 14.365, 10.774, 32.706, 50.363, 16.93,cation
23.369, 23.875, 11.836, 28.427, 35.862, 35.711, 11.887, 11.482, 32.828, 51.593, 15.579,cation
30.165, 19.008, 9.711, 36.157, 38.843, 25.0, 15.702, 14.463, 33.264, 52.893, 13.843,cation
22.878, 25.092, 10.701, 29.151, 36.531, 34.317, 12.915, 9.963, 33.579, 53.137, 13.284,cation
19.134, 27.196, 11.913, 24.308, 36.462, 39.23, 10.229, 8.905, 33.694, 53.791, 12.515,cation
29.114, 24.684, 12.342, 35.127, 28.481, 36.392, 12.025, 17.089, 27.848, 54.114, 18.038,cation
21.577, 23.237, 14.523, 26.556, 34.855, 38.589, 11.618, 9.959, 35.27, 46.888, 17.842,cation
24.208, 28.054, 13.801, 30.769, 27.376, 41.855, 11.312, 12.896, 25.339, 60.407, 14.253,cation
23.551, 25.0, 13.225, 29.167, 33.877, 36.957, 11.413, 12.138, 32.609, 50.543, 16.848,cation
17.957, 24.768, 7.121, 26.935, 40.248, 32.817, 11.146, 6.811, 38.08, 49.845, 12.074,cation
18.775, 28.656, 15.02, 23.32, 34.19, 42.49, 10.87, 7.905, 31.423, 50.791, 17.787,cation
22.427, 26.385, 11.609, 26.385, 38.259, 35.356, 12.665, 9.763, 33.773, 50.923, 15.303,cation
23.553, 21.357, 11.377, 29.94, 36.128, 33.932, 12.974, 10.579, 33.134, 52.096, 14.77,cation
24.52, 22.157, 15.214, 30.576, 34.269, 35.155, 13.442, 11.078, 32.201, 48.744, 19.055,cation
22.168, 22.654, 11.731, 28.317, 36.812, 34.871, 12.055, 10.113, 36.165, 49.757, 14.078,cation
27.481, 19.542, 12.824, 31.603, 38.168, 30.229, 12.519, 14.962, 34.809, 49.313, 15.878,cation
22.901, 21.985, 11.756, 34.046, 34.198, 31.756, 11.603, 11.298, 30.076, 55.42, 14.504,cation
22.857, 20.317, 12.698, 27.143, 41.111, 31.746, 13.016, 9.841, 36.032, 46.667, 17.302,cation
25.885, 22.952, 11.527, 31.345, 35.086, 33.569, 14.055, 11.83, 33.468, 51.365, 15.167,cation
19.797, 21.32, 13.452, 23.604, 43.401, 32.995, 12.69, 7.107, 39.086, 42.64, 18.274,cation
20.573, 25.781, 15.104, 25.26, 33.073, 41.667, 10.938, 9.635, 29.427, 53.125, 17.448,cation
24.541, 18.807, 10.55, 28.44, 43.234, 28.326, 14.794, 9.748, 37.156, 46.56, 16.284,cation
21.855, 24.888, 13.202, 27.565, 34.434, 38.002, 12.756, 9.099, 32.649, 52.721, 14.63,cation
19.483, 25.345, 13.793, 24.138, 37.931, 37.931, 10.862, 8.621, 34.138, 48.966, 16.897,cation
14.028, 23.447, 13.627, 17.435, 45.291, 37.275, 7.615, 6.413, 42.285, 43.487, 14.228,cation
15.929, 33.628, 10.619, 17.699, 38.938, 43.363, 7.965, 7.965, 33.628, 55.752, 10.619,cation
12.621, 31.796, 10.922, 16.99, 40.534, 42.476, 8.495, 4.126, 34.951, 52.67, 12.379,cation
17.703, 34.928, 16.268, 24.402, 27.273, 48.325, 9.569, 8.134, 25.837, 55.024, 19.139,cation
13.351, 31.937, 12.565, 14.398, 41.885, 43.717, 8.377, 4.974, 36.387, 51.832, 11.78,cation
22.164, 27.312, 11.082, 26.527, 37.173, 36.3, 12.216, 9.948, 33.072, 54.014, 12.914,cation
16.435, 29.805, 13.092, 20.056, 37.883, 42.061, 9.471, 6.964, 33.983, 52.368, 13.649,cation
14.85, 31.203, 10.902, 19.925, 37.782, 42.293, 9.023, 5.827, 34.211, 53.383, 12.406,cation
19.381, 17.483, 10.39, 26.673, 47.952, 25.375, 11.688, 7.692, 38.661, 45.155, 16.184,cation
22.626, 21.369, 13.268, 30.587, 35.894, 33.52, 11.173, 11.453, 34.358, 48.603, 17.039,cation
16.594, 24.454, 15.066, 18.996, 42.795, 38.21, 8.079, 8.515, 38.428, 48.472, 13.1,cation
15.647, 27.698, 12.41, 21.043, 37.59, 41.367, 7.914, 7.734, 34.173, 50.36, 15.468,cation
16.304, 25.0, 13.261, 21.522, 40.0, 38.478, 8.478, 7.826, 35.87, 51.957, 12.174,cation
23.116, 24.346, 12.301, 30.19, 31.471, 38.339, 11.43, 11.686, 30.958, 53.306, 15.736,cation
22.266, 24.986, 12.691, 29.745, 29.858, 40.397, 12.238, 10.028, 29.745, 53.938, 16.317,cation
22.502, 25.914, 13.14, 29.813, 33.53, 36.657, 11.576, 10.926, 30.524, 55.057, 14.419,cation
23.158, 23.07, 13.596, 29.386, 34.298, 36.316, 11.93, 11.228, 32.807, 51.228, 15.965,cation
19.682, 25.326, 13.459, 25.326, 36.035, 38.64, 10.564, 9.117, 33.575, 51.375, 15.051,cation
26.247, 25.813, 11.497, 32.104, 31.887, 36.009, 11.931, 14.317, 30.369, 55.315, 14.317,cation
15.556, 35.802, 12.593, 17.037, 35.802, 47.16, 8.889, 6.667, 31.852, 54.321, 13.827,cation
19.33, 23.711, 12.371, 18.557, 47.68, 33.763, 10.567, 8.763, 40.206, 46.907, 12.887,cation
10.117, 31.128, 8.171, 13.23, 44.358, 42.412, 5.447, 4.669, 37.354, 54.475, 8.171,cation
12.207, 31.455, 12.676, 15.023, 41.784, 43.192, 7.042, 5.164, 39.906, 46.948, 13.146,cation
28.767, 27.397, 8.219, 34.247, 30.137, 35.616, 16.438, 12.329, 30.137, 61.644, 8.219,cation
21.19, 25.238, 14.405, 28.571, 31.548, 39.881, 10.833, 10.357, 27.976, 55.595, 16.429,cation
14.286, 21.277, 15.198, 24.316, 39.21, 36.474, 7.295, 6.991, 34.347, 48.024, 17.629,cation
20.694, 23.417, 12.73, 27.297, 36.351, 36.351, 10.892, 9.803, 33.628, 49.489, 16.882,cation
21.433, 26.921, 11.556, 27.566, 34.668, 37.766, 11.75, 9.684, 32.15, 54.035, 13.815,cation
22.889, 18.762, 11.445, 27.392, 42.964, 29.644, 12.57, 10.319, 36.023, 48.218, 15.76,cation
26.923, 17.599, 10.956, 34.266, 39.394, 26.34, 14.219, 12.704, 36.946, 47.902, 15.152,cation
33.641, 18.47, 10.422, 39.05, 34.828, 26.121, 15.04, 18.602, 31.794, 55.673, 12.533,cation
30.882, 20.588, 11.765, 33.824, 38.235, 27.941, 19.118, 11.765, 29.412, 63.235, 7.353,cation
13.653, 34.317, 14.76, 18.081, 33.579, 48.339, 7.749, 5.904, 26.199, 60.148, 13.653,cation
24.95, 25.15, 8.184, 30.739, 38.124, 31.138, 11.377, 13.573, 36.128, 51.697, 12.176,cation
25.087, 23.345, 7.317, 32.753, 36.585, 30.662, 13.937, 11.15, 34.843, 54.704, 10.453,cation
20.916, 26.793, 9.163, 26.892, 35.558, 37.55, 9.661, 11.255, 36.753, 52.789, 10.458,cation
22.828, 23.323, 11.661, 29.491, 35.66, 34.849, 12.022, 10.806, 32.238, 52.499, 15.263,cation
23.714, 21.207, 10.752, 26.689, 41.479, 31.832, 13.09, 10.625, 35.317, 48.831, 15.852,cation
28.846, 18.462, 9.231, 33.654, 42.5, 23.846, 17.308, 11.538, 36.731, 49.038, 14.231,cation
15.574, 29.508, 6.557, 18.852, 43.033, 38.115, 11.066, 4.508, 39.344, 44.672, 15.984,cation
21.338, 25.721, 11.995, 24.452, 37.486, 38.062, 11.303, 10.035, 34.948, 51.557, 13.495,cation
20.266, 20.93, 11.628, 21.595, 48.505, 29.9, 12.625, 7.641, 36.213, 51.163, 12.625,cation
10.983, 19.653, 17.341, 13.873, 45.087, 41.04, 8.092, 2.89, 42.197, 39.306, 18.497,cation
20.344, 28.94, 9.074, 25.024, 37.631, 37.345, 10.506, 9.838, 32.378, 55.205, 12.416,cation
10.606, 32.879, 8.939, 14.091, 40.303, 45.606, 7.273, 3.333, 36.667, 50.303, 13.03,cation
14.252, 33.017, 10.689, 20.19, 35.867, 43.943, 7.838, 6.413, 31.829, 57.007, 11.164,cation
16.981, 30.943, 13.774, 21.698, 35.094, 43.208, 10.755, 6.226, 29.623, 54.906, 15.472,cation
24.194, 21.198, 10.829, 26.959, 40.323, 32.719, 11.982, 12.212, 37.788, 46.083, 16.129,cation
26.714, 24.35, 11.82, 31.678, 33.57, 34.752, 12.766, 13.948, 30.733, 54.61, 14.657,cation
24.924, 26.133, 12.689, 30.514, 33.535, 35.952, 13.595, 11.329, 30.06, 52.87, 17.069,cation
21.702, 22.979, 12.766, 28.511, 33.617, 37.872, 13.191, 8.511, 31.915, 52.766, 15.319,cation
23.491, 21.86, 9.951, 28.711, 39.967, 31.321, 11.746, 11.746, 33.931, 49.918, 16.15,cation
26.138, 19.603, 10.035, 30.338, 39.79, 29.872, 14.586, 11.552, 34.889, 51.575, 13.536,cation
22.137, 20.916, 11.908, 26.718, 40.916, 32.366, 12.672, 9.466, 35.115, 48.702, 16.183,cation
22.692, 21.484, 9.836, 26.23, 43.141, 30.63, 12.77, 9.922, 36.842, 48.404, 14.754,cation
21.844, 21.443, 12.625, 27.655, 40.681, 31.663, 11.423, 10.421, 33.467, 51.904, 14.629,cation
21.827, 27.157, 12.183, 25.635, 31.98, 42.386, 10.914, 10.914, 29.188, 55.838, 14.975,cation
25.688, 19.61, 10.665, 30.275, 41.055, 28.67, 14.22, 11.468, 36.468, 47.248, 16.284,cation
23.631, 25.937, 11.527, 29.683, 32.277, 38.04, 12.392, 11.239, 32.277, 52.161, 15.562,cation
26.781, 24.501, 11.111, 32.194, 35.613, 32.194, 15.385, 11.396, 32.194, 50.997, 16.809,cation
21.084, 21.687, 13.253, 24.699, 45.181, 30.12, 13.253, 7.831, 34.337, 51.506, 14.157,cation
10.843, 36.747, 15.462, 14.458, 37.349, 48.193, 7.028, 3.815, 29.719, 53.614, 16.667,cation
21.884, 34.903, 10.526, 28.809, 29.917, 41.274, 11.911, 9.972, 26.87, 60.388, 12.742,cation
15.133, 26.521, 15.601, 22.153, 36.661, 41.186, 7.8, 7.332, 32.917, 48.674, 18.409,cation
15.205, 32.749, 13.06, 18.908, 35.283, 45.809, 7.992, 7.212, 31.579, 53.801, 14.62,cation
10.951, 25.648, 10.375, 12.68, 51.873, 35.447, 6.628, 4.323, 43.228, 43.516, 13.256,cation
15.144, 28.606, 11.779, 20.913, 40.625, 38.462, 8.413, 6.731, 35.577, 52.644, 11.779,cation
14.545, 28.182, 13.091, 18.545, 41.636, 39.818, 8.364, 6.182, 35.455, 49.455, 15.091,cation
20.657, 28.169, 11.502, 28.404, 31.925, 39.671, 10.329, 10.329, 30.047, 56.573, 13.38,cation
20.382, 27.006, 13.631, 24.204, 38.089, 37.707, 11.21, 9.172, 31.975, 52.611, 15.414,cation
18.087, 24.116, 18.503, 20.998, 40.541, 38.462, 9.563, 8.524, 35.135, 47.817, 17.048,cation
17.838, 27.027, 13.514, 23.063, 36.036, 40.901, 10.27, 7.568, 30.45, 51.892, 17.658,cation
17.452, 28.447, 12.74, 21.291, 40.838, 37.871, 9.075, 8.377, 36.3, 51.832, 11.867,cation
22.113, 24.346, 13.017, 28.377, 33.115, 38.508, 10.076, 12.037, 30.664, 54.303, 15.033,cation
21.03, 17.31, 13.019, 29.757, 40.343, 29.9, 11.731, 9.299, 33.906, 49.213, 16.881,cation
25.966, 25.725, 12.681, 30.435, 34.3, 35.266, 13.527, 12.44, 32.005, 51.087, 16.908,cation
19.13, 28.522, 10.957, 24.174, 36.174, 39.652, 10.087, 9.043, 34.261, 53.043, 12.696,cation
20.873, 27.422, 16.098, 27.422, 30.969, 41.61, 9.277, 11.596, 28.922, 51.023, 20.055,cation
7.5, 34.375, 8.75, 12.5, 42.5, 45.0, 4.375, 3.125, 41.25, 47.5, 11.25,cation
17.341, 27.168, 14.451, 18.208, 43.642, 38.15, 10.983, 6.358, 37.283, 52.023, 10.694,cation
19.739, 28.235, 15.686, 19.216, 39.085, 41.699, 12.157, 7.582, 34.641, 52.288, 13.072,cation
29.412, 23.529, 7.353, 29.412, 36.765, 33.824, 16.176, 13.235, 38.235, 55.882, 5.882,cation
26.02, 24.49, 11.48, 33.673, 34.439, 31.888, 13.52, 12.5, 30.612, 56.633, 12.755,cation
33.898, 22.034, 10.169, 38.983, 32.203, 28.814, 15.254, 18.644, 31.356, 55.932, 12.712,cation
19.785, 25.591, 12.473, 25.806, 37.849, 36.344, 9.677, 10.108, 35.699, 50.108, 14.194,cation
21.598, 27.873, 11.096, 26.486, 34.875, 38.639, 11.03, 10.568, 34.016, 51.189, 14.795,cation
25.549, 20.758, 15.369, 29.142, 35.928, 34.93, 13.174, 12.375, 32.136, 51.497, 16.367,cation
22.178, 23.564, 14.851, 29.505, 34.257, 36.238, 13.267, 8.911, 29.703, 55.446, 14.851,cation
14.008, 21.206, 15.564, 16.926, 48.249, 34.825, 7.977, 6.031, 44.942, 37.743, 17.315,cation
24.476, 25.175, 8.092, 29.67, 34.965, 35.365, 11.289, 13.187, 34.865, 52.847, 12.288,cation
16.129, 14.516, 9.677, 27.419, 53.226, 19.355, 11.29, 4.839, 45.161, 40.323, 14.516,cation
20.751, 25.87, 7.304, 26.348, 39.59, 34.061, 11.126, 9.625, 36.724, 54.812, 8.464,cation
25.87, 25.217, 8.043, 31.087, 36.957, 31.957, 11.522, 14.348, 33.913, 53.913, 12.174,cation
31.25, 22.917, 9.375, 39.583, 29.167, 31.25, 15.625, 15.625, 26.042, 62.5, 11.458,cation
14.08, 15.374, 9.77, 31.466, 44.253, 24.282, 9.052, 5.029, 33.764, 54.31, 11.925,cation
22.683, 23.006, 11.895, 29.138, 36.1, 34.763, 12.125, 10.558, 32.227, 52.513, 15.26,cation
22.317, 24.88, 12.653, 28.404, 33.262, 38.334, 11.586, 10.731, 29.738, 53.978, 16.284,cation
15.119, 31.317, 10.799, 21.598, 36.717, 41.685, 7.775, 7.343, 34.989, 53.132, 11.879,cation
14.667, 32.0, 13.778, 19.111, 33.778, 47.111, 10.667, 4.0, 28.444, 51.111, 20.444,cation
25.559, 22.067, 13.966, 31.564, 32.821, 35.615, 14.804, 10.754, 30.307, 49.721, 19.972,cation
17.305, 28.79, 13.017, 21.899, 34.303, 43.798, 11.026, 6.279, 32.466, 51.761, 15.773,cation
18.243, 22.973, 17.568, 21.622, 40.541, 37.838, 13.514, 4.73, 35.135, 46.622, 18.243,cation
14.493, 29.348, 15.217, 18.116, 36.594, 45.29, 7.971, 6.522, 31.884, 50.362, 17.754,cation
18.333, 29.0, 10.667, 22.0, 39.667, 38.333, 10.0, 8.333, 36.333, 50.0, 13.667,cation
28.415, 25.0, 13.902, 31.951, 32.683, 35.366, 15.0, 13.415, 30.488, 52.073, 17.439,cation
15.464, 22.68, 15.464, 19.588, 40.206, 40.206, 9.794, 5.67, 37.629, 46.392, 15.979,cation
23.733, 25.6, 12.267, 28.8, 34.933, 36.267, 13.333, 10.4, 31.2, 54.933, 13.867,cation
23.821, 26.179, 9.434, 30.425, 32.311, 37.264, 14.387, 9.434, 30.189, 54.953, 14.858,cation
23.288, 23.483, 12.133, 29.746, 34.051, 36.204, 10.176, 13.112, 31.507, 51.663, 16.83,cation
25.806, 20.789, 15.412, 27.24, 36.559, 36.201, 15.054, 10.753, 34.409, 50.538, 15.054,cation
22.117, 22.306, 12.287, 27.977, 38.374, 33.648, 9.83, 12.287, 34.026, 47.826, 18.147,cation
22.118, 21.807, 11.215, 25.857, 41.589, 32.555, 12.15, 9.969, 35.826, 48.442, 15.732,cation
22.481, 21.705, 13.178, 29.457, 38.76, 31.783, 12.403, 10.078, 30.233, 54.264, 15.504,cation
22.0, 23.474, 12.211, 26.737, 40.211, 33.053, 12.421, 9.579, 34.842, 49.895, 15.263,cation
16.613, 27.796, 12.46, 17.572, 45.048, 37.38, 8.946, 7.668, 38.978, 45.367, 15.655,cation
21.897, 22.931, 10.172, 26.897, 40.69, 32.414, 14.138, 7.759, 37.414, 48.966, 13.621,cation
23.927, 21.137, 9.013, 29.077, 41.094, 29.828, 14.7, 9.227, 39.056, 46.781, 14.163,cation
23.496, 21.777, 10.888, 24.928, 43.553, 31.519, 12.034, 11.461, 41.834, 42.12, 16.046,cation
28.039, 15.884, 12.707, 34.807, 35.497, 29.696, 13.674, 14.365, 35.221, 49.724, 15.055,cation
19.527, 17.456, 12.426, 27.219, 43.787, 28.994, 12.426, 7.101, 36.982, 47.041, 15.976,cation
20.755, 38.994, 14.465, 25.157, 26.415, 48.428, 11.95, 8.805, 22.013, 62.264, 15.723,cation
26.0, 34.571, 11.714, 28.857, 28.857, 42.286, 13.143, 12.857, 25.429, 60.286, 14.286,cation
23.245, 25.834, 13.636, 28.884, 30.84, 40.276, 13.464, 9.781, 28.481, 53.74, 17.779,cation
15.094, 32.264, 13.208, 18.491, 36.981, 44.528, 7.736, 7.358, 32.264, 54.528, 13.208,cation
22.441, 24.803, 8.268, 25.591, 42.126, 32.283, 12.205, 10.236, 38.189, 46.85, 14.961,cation
22.695, 23.227, 17.376, 25.887, 35.993, 38.121, 14.007, 8.688, 31.56, 49.291, 19.149,cation
15.141, 29.225, 13.38, 20.599, 37.5, 41.901, 7.746, 7.394, 33.275, 51.937, 14.789,cation
14.161, 28.322, 13.072, 17.429, 42.484, 40.087, 8.932, 5.229, 35.73, 49.02, 15.251,cation
17.159, 26.753, 12.177, 22.325, 38.93, 38.745, 10.701, 6.458, 35.793, 48.155, 16.052,cation
15.663, 25.502, 16.867, 18.876, 41.566, 39.558, 9.036, 6.627, 34.538, 49.598, 15.863,cation
17.056, 28.007, 14.183, 21.185, 36.266, 42.549, 9.336, 7.72, 31.777, 49.731, 18.492,cation
13.219, 27.683, 9.798, 18.351, 42.768, 38.88, 6.843, 6.376, 39.347, 46.656, 13.997,cation
21.974, 23.214, 11.806, 27.976, 35.516, 36.508, 10.615, 11.359, 32.986, 51.389, 15.625,cation
19.906, 20.846, 13.323, 27.273, 38.558, 34.169, 10.188, 9.718, 33.072, 52.194, 14.734,cation
22.561, 28.78, 12.927, 24.39, 36.951, 38.659, 12.683, 9.878, 29.756, 56.22, 14.024,cation
14.588, 32.77, 12.262, 19.45, 37.844, 42.706, 8.457, 6.131, 32.981, 54.123, 12.896,cation
18.741, 29.685, 14.364, 25.308, 32.148, 42.544, 10.123, 8.618, 26.539, 56.224, 17.237,cation
9.677, 30.968, 7.742, 13.548, 45.806, 40.645, 5.161, 4.516, 41.935, 48.387, 9.677,cation
25.481, 26.074, 13.037, 32.444, 30.815, 36.741, 12.148, 13.333, 29.333, 54.37, 16.296,cation
16.486, 26.464, 13.015, 21.475, 40.347, 38.178, 10.412, 6.074, 32.972, 50.976, 16.052,cation
8.85, 35.841, 9.292, 14.159, 39.381, 46.46, 7.08, 1.77, 29.646, 61.947, 8.407,cation
24.348, 22.029, 13.623, 33.913, 33.913, 32.174, 9.275, 15.072, 32.464, 51.014, 16.522,cation
41.228, 21.93, 4.386, 48.246, 28.07, 23.684, 22.807, 18.421, 28.947, 66.667, 4.386,cation
20.05, 27.228, 14.356, 26.98, 33.416, 39.604, 11.634, 8.416, 28.713, 54.455, 16.832,cation
21.926, 22.909, 14.336, 27.266, 36.683, 36.051, 11.876, 10.049, 31.413, 50.949, 17.639,cation
22.117, 21.739, 14.556, 28.544, 35.728, 35.728, 10.586, 11.531, 33.081, 51.229, 15.69,cation
25.554, 25.204, 11.552, 31.272, 33.139, 35.589, 14.002, 11.552, 31.739, 52.509, 15.753,cation
13.053, 25.684, 14.105, 17.263, 44.842, 37.895, 7.368, 5.684, 38.105, 47.368, 14.526,cation
25.758, 21.212, 10.606, 31.818, 36.364, 31.818, 13.636, 12.121, 36.364, 43.939, 19.697,cation
31.677, 19.255, 10.559, 39.13, 32.298, 28.571, 14.907, 16.77, 27.95, 60.248, 11.801,cation
32.759, 21.839, 7.471, 40.805, 31.034, 28.161, 17.816, 14.943, 32.184, 57.471, 10.345,cation
26.554, 24.859, 5.65, 33.898, 32.203, 33.898, 11.864, 14.689, 35.028, 54.237, 10.734,cation
10.127, 32.911, 7.595, 15.19, 36.709, 48.101, 3.797, 6.329, 34.177, 55.696, 10.127,cation
22.45, 27.582, 11.097, 29.891, 32.777, 37.332, 11.802, 10.648, 29.891, 55.42, 14.689,cation
24.048, 21.937, 12.437, 30.978, 34.832, 34.19, 12.712, 11.335, 31.574, 52.18, 16.246,cation
27.592, 17.559, 7.692, 33.779, 43.144, 23.077, 14.381, 13.211, 36.455, 50.836, 12.709,cation
15.193, 29.025, 11.791, 21.542, 36.054, 42.404, 6.349, 8.844, 33.333, 55.782, 10.884,cation
22.291, 19.195, 13.313, 26.316, 43.963, 29.721, 13.622, 8.669, 40.248, 42.415, 17.337,cation
24.914, 23.886, 8.571, 30.286, 36.686, 33.029, 12.686, 12.229, 33.829, 54.171, 12.0,cation
18.719, 15.025, 9.606, 26.108, 42.611, 31.281, 9.606, 9.113, 41.379, 49.261, 9.36,cation
27.259, 20.554, 18.805, 28.28, 42.128, 29.592, 17.638, 9.621, 30.612, 54.665, 14.723,cation
7.273, 32.727, 13.636, 10.0, 42.727, 47.273, 4.545, 2.727, 36.364, 48.182, 15.455,cation
23.103, 19.31, 11.379, 26.207, 44.138, 29.655, 11.724, 11.379, 43.448, 44.483, 12.069,cation
19.351, 26.717, 13.358, 21.973, 40.699, 37.328, 11.486, 7.865, 33.958, 49.813, 16.23,cation
17.391, 23.671, 18.841, 21.739, 38.164, 40.097, 11.111, 6.28, 36.232, 45.411, 18.357,cation
27.252, 22.864, 12.702, 30.254, 34.411, 35.335, 14.088, 13.164, 33.718, 50.808, 15.473,cation
22.352, 25.495, 9.662, 24.447, 43.073, 32.48, 12.34, 10.012, 38.184, 46.449, 15.367,cation
19.185, 29.496, 12.47, 24.221, 35.012, 40.767, 10.312, 8.873, 34.772, 52.518, 12.71,cation
21.905, 24.762, 13.333, 29.524, 31.905, 38.571, 11.905, 10.0, 30.952, 54.762, 14.286,cation
20.406, 18.883, 9.239, 31.066, 42.132, 26.802, 10.964, 9.442, 38.579, 50.051, 11.371,cation
19.947, 17.834, 11.361, 22.457, 49.538, 28.005, 10.568, 9.379, 38.441, 47.292, 14.267,cation
24.39, 21.951, 15.447, 33.333, 32.52, 34.146, 12.195, 12.195, 26.829, 56.098, 17.073,cation
27.28, 21.506, 11.297, 32.134, 37.322, 30.544, 15.565, 11.715, 34.393, 51.632, 13.975,cation
22.727, 21.123, 14.171, 26.471, 39.037, 34.492, 13.636, 9.091, 33.957, 48.128, 17.914,cation
21.311, 28.337, 10.773, 25.059, 35.363, 39.578, 14.754, 6.557, 31.382, 54.333, 14.286,cation
23.686, 23.04, 11.964, 29.345, 36.54, 34.115, 13.096, 10.59, 32.741, 52.142, 15.117,cation
20.504, 28.981, 12.371, 24.513, 36.082, 39.404, 10.424, 10.08, 33.219, 52.921, 13.86,cation
26.953, 14.714, 13.932, 32.292, 38.411, 29.297, 12.5, 14.453, 36.719, 46.745, 16.536,cation
13.109, 31.336, 16.23, 17.353, 37.703, 44.944, 8.365, 4.744, 30.462, 53.558, 15.98,cation
15.464, 43.299, 8.247, 18.557, 25.773, 55.67, 9.278, 6.186, 25.773, 67.01, 7.216,cation
19.945, 21.038, 10.383, 26.776, 38.251, 34.973, 12.568, 7.377, 36.612, 48.907, 14.481,cation
24.932, 21.383, 8.644, 28.48, 40.673, 30.846, 10.919, 14.013, 34.395, 54.413, 11.192,cation
11.7, 31.567, 9.713, 15.011, 41.06, 43.929, 6.623, 5.077, 37.307, 52.318, 10.375,cation
17.606, 29.93, 7.394, 18.31, 44.014, 37.676, 11.62, 5.986, 39.437, 45.775, 14.789,cation
16.522, 28.261, 9.855, 23.043, 35.072, 41.884, 9.42, 7.101, 35.217, 52.754, 12.029,cation
17.094, 23.59, 14.359, 23.419, 36.923, 39.658, 9.231, 7.863, 32.821, 49.744, 17.436,cation
21.053, 13.816, 13.816, 26.316, 39.474, 34.211, 11.842, 9.211, 45.395, 39.474, 15.132,cation
13.936, 26.406, 13.936, 18.337, 40.587, 41.076, 7.824, 6.112, 36.43, 50.367, 13.203,cation
21.005, 24.566, 11.689, 27.306, 36.621, 36.073, 11.507, 9.498, 33.973, 52.237, 13.79,cation
15.098, 25.4, 11.368, 22.202, 40.142, 37.655, 9.414, 5.684, 34.458, 50.622, 14.92,cation
13.644, 24.238, 14.125, 18.138, 42.536, 39.326, 7.063, 6.581, 40.61, 43.339, 16.051,cation
24.446, 24.042, 12.5, 30.393, 32.208, 37.399, 12.5, 11.946, 30.494, 53.629, 15.877,cation
21.221, 20.153, 12.977, 29.924, 37.099, 32.977, 11.603, 9.618, 33.13, 51.603, 15.267,cation
22.356, 28.125, 12.62, 25.601, 36.418, 37.981, 12.62, 9.736, 31.851, 52.885, 15.264,cation
35.437, 17.476, 2.427, 48.058, 24.757, 27.184, 14.563, 20.874, 33.981, 55.825, 10.194,cation
28.988, 18.462, 12.47, 35.87, 36.923, 27.206, 16.437, 12.551, 34.332, 49.96, 15.709,cation
14.599, 31.63, 12.165, 19.221, 38.2, 42.579, 7.299, 7.299, 34.307, 54.501, 11.192,cation
20.096, 25.08, 17.363, 23.473, 35.691, 40.836, 12.701, 7.395, 31.511, 51.608, 16.881,cation
26.606, 25.688, 9.174, 30.275, 32.722, 37.003, 12.844, 13.761, 35.474, 48.624, 15.902,cation
22.658, 25.163, 9.695, 26.906, 38.562, 34.532, 10.349, 12.309, 38.126, 50.109, 11.765,cation
23.81, 23.452, 14.762, 28.452, 35.357, 36.19, 11.548, 12.262, 32.738, 51.31, 15.952,cation
33.186, 24.336, 5.752, 45.575, 23.009, 31.416, 17.257, 15.929, 24.336, 64.159, 11.504,cation
16.242, 18.79, 13.694, 21.975, 47.452, 30.573, 10.191, 6.051, 39.809, 47.134, 13.057,cation
19.121, 26.722, 11.283, 26.247, 37.055, 36.698, 10.57, 8.551, 33.848, 48.931, 17.221,cation
24.805, 22.656, 12.891, 29.688, 36.328, 33.984, 11.523, 13.281, 32.031, 55.078, 12.891,cation
25.312, 26.185, 11.845, 30.923, 32.918, 36.16, 13.342, 11.97, 30.673, 54.613, 14.713,cation
18.098, 23.006, 5.215, 23.926, 48.773, 27.301, 9.509, 8.589, 44.172, 46.319, 9.509,cation
12.364, 23.273, 14.545, 19.636, 41.091, 39.273, 5.091, 7.273, 40.727, 42.909, 16.364,cation
36.232, 23.188, 7.246, 40.58, 33.333, 26.087, 20.29, 15.942, 26.087, 56.522, 17.391,cation
6.579, 35.526, 9.211, 10.526, 40.789, 48.684, 3.947, 2.632, 39.474, 50.0, 10.526,cation
27.338, 23.741, 8.633, 29.496, 41.007, 29.496, 13.669, 13.669, 35.252, 56.835, 7.914,cation
20.0, 26.957, 13.043, 29.565, 39.13, 31.304, 15.652, 4.348, 26.957, 59.13, 13.913,cation
26.056, 18.708, 11.867, 31.715, 38.514, 29.772, 14.949, 11.106, 31.883, 50.507, 17.61,cation
24.946, 21.703, 11.716, 30.393, 36.403, 33.204, 14.051, 10.895, 32.036, 51.621, 16.342,cation
32.424, 16.061, 9.394, 36.515, 42.121, 21.364, 18.485, 13.939, 37.121, 50.0, 12.879,cation
13.063, 29.279, 10.36, 13.063, 47.748, 39.189, 8.108, 4.955, 42.793, 46.396, 10.811,cation
12.842, 33.333, 11.475, 15.574, 40.71, 43.716, 7.377, 5.464, 34.973, 54.918, 10.109,cation
16.842, 21.579, 17.895, 16.316, 45.263, 38.421, 11.579, 5.263, 33.684, 53.684, 12.632,cation
19.577, 21.693, 16.402, 23.81, 37.037, 39.153, 11.64, 7.937, 35.979, 49.206, 14.815,cation
22.785, 29.114, 13.924, 27.848, 29.114, 43.038, 11.899, 10.886, 29.367, 54.177, 16.456,cation
17.206, 27.943, 10.608, 23.027, 37.646, 39.327, 8.797, 8.409, 35.188, 51.358, 13.454,cation
16.904, 22.749, 18.167, 22.117, 39.021, 38.863, 9.637, 7.267, 33.965, 46.288, 19.747,cation
21.26, 18.11, 9.899, 26.322, 45.332, 28.346, 12.373, 8.886, 34.646, 49.944, 15.411,cation
28.571, 29.304, 12.821, 32.601, 26.374, 41.026, 15.385, 13.187, 21.612, 62.271, 16.117,cation
23.529, 24.552, 15.345, 28.133, 33.248, 38.619, 14.322, 9.207, 30.946, 50.895, 18.159,cation
18.48, 27.807, 7.427, 22.107, 43.178, 34.715, 9.499, 8.981, 42.314, 44.732, 12.953,cation
27.245, 23.839, 12.384, 34.365, 31.579, 34.056, 14.551, 12.693, 26.935, 58.824, 14.241,electron
26.044, 25.845, 12.326, 30.02, 30.815, 39.165, 14.314, 11.73, 26.243, 58.847, 14.911,electron
28.704, 16.667, 11.111, 33.333, 41.667, 25.0, 19.444, 9.259, 36.111, 52.778, 11.111,electron
14.63, 27.149, 18.703, 16.742, 37.858, 45.4, 8.597, 6.033, 31.222, 50.528, 18.25,electron
29.268, 15.854, 13.415, 31.707, 35.366, 32.927, 4.878, 24.39, 34.146, 52.439, 13.415,electron
26.0, 23.75, 13.5, 30.5, 34.25, 35.25, 12.75, 13.25, 33.5, 52.75, 13.75,electron
14.286, 34.454, 15.966, 12.605, 36.975, 50.42, 10.084, 4.202, 27.731, 57.143, 15.126,electron
27.114, 25.622, 7.711, 29.602, 38.06, 32.338, 13.93, 13.184, 31.841, 55.97, 12.189,electron
13.717, 27.434, 18.584, 17.257, 37.168, 45.575, 10.177, 3.54, 30.088, 46.903, 23.009,electron
28.909, 19.764, 13.569, 32.743, 37.906, 29.351, 14.012, 14.897, 32.743, 51.475, 15.782,electron
28.916, 19.88, 12.048, 32.53, 38.554, 28.916, 14.458, 14.458, 32.53, 56.024, 11.446,electron
13.0, 37.0, 8.0, 20.0, 34.0, 46.0, 8.0, 5.0, 31.0, 57.0, 12.0,electron
37.017, 16.575, 11.05, 37.569, 34.807, 27.624, 18.232, 18.785, 36.464, 50.829, 12.707,electron
29.231, 17.692, 10.769, 34.103, 37.949, 27.949, 16.667, 12.564, 37.436, 50.256, 12.308,electron
26.266, 24.367, 11.709, 32.278, 33.861, 33.861, 14.241, 12.025, 28.165, 59.494, 12.342,electron
23.495, 23.107, 12.621, 29.126, 36.311, 34.563, 13.981, 9.515, 30.874, 52.621, 16.505,electron
20.833, 13.542, 8.854, 29.688, 48.958, 21.354, 11.458, 9.375, 41.146, 48.958, 9.896,electron
15.196, 26.471, 19.608, 13.235, 42.157, 44.608, 9.804, 5.392, 36.765, 46.569, 16.667,electron
30.46, 19.253, 7.471, 37.356, 34.77, 27.874, 14.368, 16.092, 39.08, 53.161, 7.759,electron
27.409, 18.605, 10.797, 31.395, 40.365, 28.239, 14.286, 13.123, 37.874, 48.505, 13.621,electron
20.0, 26.069, 13.379, 22.345, 38.069, 39.586, 12.69, 7.31, 32.552, 52.69, 14.759,electron
26.97, 22.015, 10.479, 31.275, 39.399, 29.326, 13.891, 13.079, 35.012, 50.609, 14.379,electron
28.016, 18.872, 11.868, 33.074, 35.409, 31.518, 14.008, 14.008, 32.101, 51.167, 16.732,electron
24.023, 22.287, 11.722, 31.838, 37.337, 30.825, 11.143, 12.88, 33.864, 53.111, 13.025,electron
25.551, 19.714, 10.903, 31.718, 39.537, 28.744, 13.216, 12.335, 36.784, 48.238, 14.978,electron
12.235, 30.995, 14.356, 14.845, 40.131, 45.024, 7.504, 4.731, 34.421, 51.06, 14.519,electron
37.097, 9.677, 9.677, 41.935, 30.645, 27.419, 19.355, 17.742, 37.097, 41.935, 20.968,electron
28.455, 18.699, 13.821, 34.146, 34.146, 31.707, 13.821, 14.634, 30.894, 54.472, 14.634,electron
26.346, 23.077, 11.731, 29.615, 37.692, 32.692, 14.423, 11.923, 30.769, 54.038, 15.192,electron
17.436, 22.051, 9.744, 23.077, 46.154, 30.769, 10.769, 6.667, 33.333, 51.795, 14.872,electron
30.088, 11.504, 11.504, 36.283, 42.478, 21.239, 20.354, 9.735, 37.168, 51.327, 11.504,electron
10.092, 31.193, 15.596, 10.092, 39.45, 50.459, 7.339, 2.752, 33.028, 56.881, 10.092,electron
31.373, 28.235, 3.137, 35.686, 30.98, 33.333, 16.471, 14.902, 32.157, 59.608, 8.235,electron
26.095, 19.264, 8.757, 30.473, 43.082, 26.445, 13.835, 12.259, 42.207, 49.037, 8.757,electron
24.0, 10.667, 9.333, 28.0, 52.0, 20.0, 16.0, 8.0, 52.0, 40.0, 8.0,electron
23.868, 22.428, 15.021, 28.395, 34.774, 36.831, 15.021, 8.848, 29.63, 53.086, 17.284,electron
29.487, 17.949, 11.026, 35.128, 38.462, 26.41, 16.923, 12.564, 31.026, 51.795, 17.179,electron
27.177, 25.858, 6.86, 34.037, 34.037, 31.926, 13.72, 13.456, 36.412, 55.145, 8.443,electron
12.308, 29.231, 16.0, 17.538, 35.077, 47.385, 6.769, 5.538, 30.154, 52.0, 17.846,electron
11.395, 29.666, 16.503, 14.735, 38.703, 46.562, 7.073, 4.322, 31.434, 51.866, 16.699,electron
27.778, 16.667, 11.111, 33.333, 35.185, 31.481, 5.556, 22.222, 38.889, 50.0, 11.111,electron
33.582, 20.896, 13.433, 33.582, 38.806, 27.612, 14.925, 18.657, 34.328, 53.731, 11.94,electron
11.64, 32.275, 15.344, 16.138, 34.127, 49.735, 6.614, 5.026, 29.63, 51.058, 19.312,electron
15.349, 29.302, 16.744, 17.209, 38.14, 44.651, 9.767, 5.581, 30.233, 50.698, 19.07,electron
17.241, 24.713, 14.751, 22.414, 37.931, 39.655, 9.004, 8.238, 33.525, 49.042, 17.433,electron
22.632, 21.316, 8.947, 24.474, 45.789, 29.737, 13.947, 8.684, 42.632, 42.632, 14.737,electron
27.059, 21.176, 12.353, 36.471, 34.118, 29.412, 8.824, 18.235, 40.588, 45.294, 14.118,electron
23.361, 18.443, 11.475, 29.918, 38.934, 31.148, 12.295, 11.066, 36.475, 50.41, 13.115,electron
30.38, 16.139, 12.342, 37.975, 34.81, 27.215, 14.557, 15.823, 30.696, 54.43, 14.873,electron
25.524, 23.951, 10.14, 33.741, 33.916, 32.343, 12.937, 12.587, 30.594, 56.294, 13.112,electron
28.707, 20.342, 10.076, 36.882, 33.27, 29.848, 14.449, 14.259, 27.947, 59.696, 12.357,electron
24.091, 21.364, 9.545, 33.636, 32.727, 33.636, 11.818, 12.273, 29.545, 54.091, 16.364,electron
28.889, 18.889, 11.111, 32.778, 34.444, 32.778, 13.889, 15.0, 31.667, 50.556, 17.778,electron
10.103, 33.608, 12.784, 13.608, 41.649, 44.742, 5.979, 4.124, 34.021, 51.753, 14.227,electron
31.795, 14.872, 13.846, 37.949, 35.897, 26.154, 16.41, 15.385, 32.308, 52.308, 15.385,electron
27.16, 17.284, 11.111, 32.099, 37.037, 30.864, 16.049, 11.111, 34.568, 46.914, 18.519,electron
14.981, 24.903, 15.564, 21.401, 38.327, 40.272, 8.366, 6.615, 31.128, 50.973, 17.899,electron
28.829, 19.82, 10.811, 31.532, 41.441, 27.027, 18.018, 10.811, 37.838, 50.45, 11.712,electron
13.193, 28.496, 15.303, 18.206, 36.939, 44.855, 7.124, 6.069, 32.718, 48.549, 18.734,electron
22.4, 22.4, 10.4, 28.0, 40.8, 31.2, 12.0, 10.4, 36.0, 56.8, 7.2,electron
19.346, 23.755, 13.229, 24.324, 39.829, 35.846, 10.811, 8.535, 36.273, 45.519, 18.208,other
24.981, 25.28, 10.546, 29.469, 36.874, 33.657, 14.286, 10.696, 34.779, 49.963, 15.258,other
21.405, 23.541, 11.791, 27.321, 38.702, 33.977, 11.298, 10.107, 33.32, 52.424, 14.256,other
23.15, 25.364, 13.03, 28.653, 33.397, 37.951, 12.46, 10.689, 30.487, 54.459, 15.054,other
32.584, 21.83, 10.433, 36.276, 32.584, 31.14, 18.138, 14.446, 28.732, 59.39, 11.878,other
28.249, 19.492, 7.91, 34.463, 38.983, 26.554, 10.452, 17.797, 41.243, 48.305, 10.452,other
33.333, 24.359, 5.128, 41.026, 29.487, 29.487, 7.692, 25.641, 33.333, 61.538, 5.128,other
18.293, 25.61, 11.89, 26.22, 38.415, 35.366, 12.195, 6.098, 33.537, 52.744, 13.72,other
12.83, 28.302, 11.321, 18.868, 41.887, 39.245, 7.547, 5.283, 35.849, 50.189, 13.962,other
10.429, 34.969, 8.589, 15.337, 36.81, 47.853, 7.055, 3.374, 35.276, 51.227, 13.497,other
29.412, 21.569, 14.706, 35.784, 34.069, 30.147, 15.931, 13.48, 28.186, 58.088, 13.725,other
22.261, 26.855, 14.134, 24.028, 36.042, 39.929, 14.841, 7.42, 30.742, 52.297, 16.961,other
16.054, 26.122, 13.333, 20.68, 41.224, 38.095, 7.891, 8.163, 36.463, 49.116, 14.422,other
30.709, 21.26, 8.661, 37.008, 30.709, 32.283, 16.535, 14.173, 29.921, 61.417, 8.661,other
28.571, 22.259, 10.299, 29.9, 40.199, 29.9, 14.95, 13.621, 38.206, 45.515, 16.279,other
16.423, 25.041, 14.959, 21.463, 40.163, 38.374, 9.919, 6.504, 35.285, 47.317, 17.398,other
33.758, 19.745, 18.153, 33.121, 37.102, 29.777, 18.312, 15.446, 30.255, 53.822, 15.924,other
21.053, 27.147, 16.066, 26.039, 32.41, 41.551, 12.465, 8.587, 27.701, 54.294, 18.006,other
24.084, 24.607, 9.424, 34.555, 35.079, 30.366, 12.565, 11.518, 32.461, 54.974, 12.565,other
17.466, 24.568, 15.739, 20.345, 41.075, 38.58, 8.637, 8.829, 38.772, 44.338, 16.891,other
14.05, 35.537, 11.57, 14.876, 38.017, 47.107, 8.264, 5.785, 33.884, 53.719, 12.397,other
12.548, 27.376, 14.068, 16.35, 44.487, 39.163, 8.365, 4.183, 36.122, 47.148, 16.73,other
21.993, 26.46, 8.591, 28.351, 35.567, 36.082, 12.027, 9.966, 35.052, 51.375, 13.574,other
35.714, 20.779, 15.584, 32.468, 38.312, 29.221, 21.429, 14.286, 31.818, 59.74, 8.442,other
15.738, 23.607, 9.508, 18.361, 48.852, 32.787, 9.18, 6.557, 40.656, 48.197, 11.148,other
13.333, 15.043, 7.179, 22.564, 55.043, 22.393, 7.692, 5.641, 50.94, 40.342, 8.718,other
16.765, 28.235, 11.176, 20.0, 37.647, 42.353, 10.294, 6.471, 33.824, 52.647, 13.529,other
31.714, 20.857, 13.143, 37.143, 31.143, 31.714, 16.857, 14.857, 27.714, 56.286, 16.0,other
16.25, 22.5, 11.406, 22.969, 42.656, 34.375, 9.219, 7.031, 36.406, 49.844, 13.75,other
34.317, 19.926, 13.653, 40.221, 29.52, 30.258, 17.712, 16.605, 25.461, 59.779, 14.76,other
26.636, 19.626, 13.551, 35.514, 33.645, 30.841, 13.084, 13.551, 30.374, 51.402, 18.224,other
18.65, 25.755, 11.723, 23.623, 39.432, 36.945, 11.723, 6.927, 37.655, 47.78, 14.565,other
11.301, 31.13, 12.793, 13.859, 40.299, 45.842, 5.757, 5.544, 34.542, 52.452, 13.006,other
16.421, 26.199, 12.362, 21.218, 39.852, 38.93, 9.963, 6.458, 33.026, 51.661, 15.314,other
23.95, 23.639, 12.286, 28.927, 36.547, 34.526, 13.686, 10.264, 33.593, 48.989, 17.418,other
13.103, 27.586, 14.138, 18.448, 41.897, 39.655, 6.207, 6.897, 36.207, 48.103, 15.69,other
17.868, 23.123, 13.363, 24.925, 39.039, 36.036, 9.91, 7.958, 34.685, 48.498, 16.817,other
18.83, 22.852, 13.346, 26.874, 38.94, 34.186, 10.603, 8.227, 33.272, 50.091, 16.636,other
8.8, 27.2, 13.2, 9.6, 52.8, 37.6, 4.4, 4.4, 47.2, 40.8, 12.0,other
16.382, 25.085, 14.676, 19.113, 41.809, 39.078, 8.874, 7.509, 34.983, 48.805, 16.212,other
14.886, 25.744, 13.135, 20.49, 40.806, 38.704, 7.706, 7.18, 39.405, 46.235, 14.361,other
15.178, 25.834, 12.487, 20.022, 42.196, 37.783, 8.611, 6.566, 35.414, 50.7, 13.886,other
21.091, 20.727, 11.273, 33.455, 37.091, 29.455, 13.091, 8.0, 36.727, 50.909, 12.364,other
21.65, 26.865, 12.145, 29.109, 33.729, 37.162, 12.211, 9.439, 31.023, 54.257, 14.719,other
21.543, 24.454, 12.518, 24.745, 39.01, 36.245, 12.809, 8.734, 34.352, 48.472, 17.176,other
21.873, 26.124, 11.214, 28.897, 34.627, 36.476, 11.214, 10.659, 31.978, 52.619, 15.404,other
22.359, 24.531, 13.263, 26.408, 37.031, 36.561, 12.441, 9.918, 32.394, 51.291, 16.315,other
24.261, 24.015, 9.852, 30.911, 36.453, 32.635, 13.3, 10.961, 34.113, 53.448, 12.438,other
21.461, 23.343, 13.705, 27.861, 36.069, 36.069, 11.672, 9.789, 31.25, 53.539, 15.211,other
25.0, 20.06, 8.383, 32.335, 40.868, 26.796, 11.826, 13.174, 38.024, 50.898, 11.078,other
18.017, 25.834, 9.628, 25.262, 38.704, 36.034, 8.77, 9.247, 35.462, 52.336, 12.202,other
22.872, 19.149, 13.83, 28.191, 39.362, 32.447, 11.702, 11.17, 32.979, 52.128, 14.894,other
11.594, 29.348, 10.507, 15.942, 46.014, 38.043, 6.884, 4.71, 39.493, 49.638, 10.87,other
12.698, 28.77, 16.071, 16.865, 36.706, 46.429, 7.143, 5.556, 32.143, 49.206, 18.651,other
22.002, 23.715, 15.149, 26.691, 37.511, 35.798, 12.894, 9.107, 30.207, 54.734, 15.059,other
22.124, 26.106, 16.814, 25.664, 29.646, 44.69, 14.602, 7.522, 26.991, 53.982, 19.027,other
30.325, 25.993, 6.859, 36.462, 29.242, 34.296, 12.274, 18.051, 31.408, 57.401, 11.191,other
24.365, 23.169, 15.546, 30.643, 34.529, 34.828, 13.752, 10.613, 29.895, 52.317, 17.788,other
22.197, 20.09, 8.804, 32.355, 41.234, 26.411, 9.932, 12.265, 32.129, 55.079, 12.792,other
22.667, 22.333, 12.667, 29.333, 38.333, 32.333, 15.333, 7.333, 33.667, 50.0, 16.333,other
15.986, 24.334, 16.163, 19.183, 40.675, 40.142, 8.881, 7.105, 36.767, 47.425, 15.808,other
24.796, 27.793, 16.621, 28.61, 29.7, 41.689, 12.807, 11.989, 27.52, 53.406, 19.074,other
17.486, 30.601, 9.016, 24.863, 33.333, 41.803, 9.836, 7.65, 33.06, 53.552, 13.388,other
11.951, 31.22, 10.976, 18.049, 37.805, 44.146, 7.073, 4.878, 33.659, 52.683, 13.659,other
13.129, 30.416, 10.722, 17.943, 39.825, 42.232, 8.315, 4.814, 34.573, 50.547, 14.88,other
17.798, 23.119, 12.844, 21.835, 40.734, 37.431, 8.807, 8.991, 30.275, 54.312, 15.413,other
19.759, 30.12, 10.602, 26.747, 32.53, 40.723, 11.084, 8.675, 31.084, 55.422, 13.494,other
9.848, 31.313, 9.848, 14.646, 40.657, 44.697, 6.313, 3.535, 38.889, 48.232, 12.879,other
12.088, 19.78, 2.198, 27.473, 41.758, 30.769, 9.89, 2.198, 45.055, 48.352, 6.593,other
11.058, 30.769, 10.577, 15.144, 42.308, 42.548, 6.25, 4.808, 38.462, 49.279, 12.26,other
32.031, 21.875, 7.812, 39.062, 30.469, 30.469, 12.5, 19.531, 27.344, 61.719, 10.938,other
21.84, 20.847, 14.229, 28.524, 38.518, 32.958, 11.913, 9.927, 34.083, 48.842, 17.075,other
17.124, 23.263, 11.955, 22.779, 42.165, 35.057, 9.693, 7.431, 34.895, 51.212, 13.893,other
31.928, 18.072, 13.253, 34.639, 37.349, 28.012, 16.566, 15.361, 30.12, 54.217, 15.663,other
13.666, 30.152, 15.618, 17.354, 39.262, 43.384, 8.677, 4.989, 32.104, 50.976, 16.92,other
20.464, 24.093, 12.046, 27.286, 39.187, 33.527, 11.03, 9.434, 33.672, 50.653, 15.675,other
10.268, 30.357, 9.821, 12.5, 46.429, 41.071, 5.58, 4.688, 37.5, 52.679, 9.821,other
12.839, 26.944, 10.669, 17.722, 41.772, 40.506, 7.595, 5.244, 38.156, 47.74, 14.105,other
16.54, 26.859, 12.443, 22.458, 35.812, 41.73, 9.56, 6.98, 35.053, 49.924, 15.023,other
13.523, 25.71, 16.194, 19.533, 38.397, 42.07, 7.346, 6.177, 33.89, 47.412, 18.698,other
29.592, 22.449, 14.626, 39.456, 29.252, 31.293, 15.646, 13.946, 27.211, 56.803, 15.986,other
17.025, 24.132, 12.893, 21.488, 43.636, 34.876, 9.421, 7.603, 38.182, 47.769, 14.05,other
20.037, 24.157, 14.794, 25.094, 36.142, 38.764, 10.487, 9.551, 33.521, 49.625, 16.854,other
16.72, 23.633, 12.862, 21.704, 42.605, 35.691, 8.842, 7.878, 36.334, 48.553, 15.113,other
14.103, 25.385, 14.359, 20.0, 40.769, 39.231, 8.974, 5.128, 36.923, 46.41, 16.667,other
12.329, 28.767, 15.068, 16.438, 32.877, 50.685, 8.219, 4.11, 27.397, 53.425, 19.178,other
21.417, 21.417, 19.056, 26.307, 37.268, 36.425, 12.816, 8.6, 31.535, 46.543, 21.922,other
17.313, 22.388, 12.836, 25.075, 43.284, 31.642, 11.94, 5.373, 35.821, 49.552, 14.627,other
21.166, 24.84, 11.022, 26.278, 39.936, 33.786, 11.581, 9.585, 37.38, 47.684, 14.936,other
22.551, 24.883, 8.942, 28.383, 37.869, 33.748, 11.509, 11.042, 38.336, 49.611, 12.053,other
22.129, 24.241, 12.363, 28.113, 36.076, 35.812, 11.439, 10.691, 31.808, 53.19, 15.002,other
22.256, 23.316, 10.901, 29.523, 36.109, 34.368, 11.431, 10.825, 35.655, 49.432, 14.913,other
19.635, 24.962, 12.177, 25.723, 37.747, 36.53, 11.872, 7.763, 33.333, 51.903, 14.764,other
32.609, 17.391, 9.783, 36.957, 35.87, 27.174, 15.217, 17.391, 32.609, 56.522, 10.87,other
22.483, 21.477, 15.101, 27.517, 37.919, 34.564, 15.101, 7.383, 36.242, 44.631, 19.128,other
15.985, 28.996, 10.037, 21.19, 40.892, 37.918, 8.922, 7.063, 40.892, 46.84, 12.268,other
10.823, 28.139, 14.286, 11.688, 48.052, 40.26, 6.494, 4.329, 41.991, 43.723, 14.286,other
44.03, 11.194, 3.731, 49.254, 31.343, 19.403, 19.403, 24.627, 31.343, 58.955, 9.701,other
24.752, 20.198, 12.673, 29.307, 39.01, 31.683, 15.248, 9.505, 33.267, 52.079, 14.653,other
22.955, 19.318, 8.409, 26.591, 45.455, 27.955, 12.273, 10.682, 40.455, 44.318, 15.227,other
26.042, 24.653, 10.069, 30.556, 36.458, 32.986, 12.5, 13.542, 32.292, 57.986, 9.722,other
12.795, 25.0, 16.535, 17.52, 41.929, 40.551, 6.693, 6.102, 37.598, 44.094, 18.307,other
15.942, 31.401, 11.836, 19.807, 35.024, 45.169, 9.662, 6.28, 31.643, 50.966, 17.391,other
13.167, 27.402, 13.523, 16.37, 42.705, 40.925, 7.117, 6.05, 38.078, 47.687, 14.235,other
15.27, 21.633, 13.256, 21.633, 43.372, 34.995, 8.696, 6.575, 36.585, 48.25, 15.164,other
20.253, 24.81, 15.949, 25.57, 34.684, 39.747, 12.152, 8.101, 30.38, 50.633, 18.987,other
15.556, 26.667, 11.111, 23.056, 38.056, 38.889, 9.167, 6.389, 33.333, 52.222, 14.444,other
24.183, 21.786, 8.932, 33.987, 35.294, 30.719, 13.943, 10.24, 32.026, 55.991, 11.983,other
12.276, 30.435, 10.742, 13.555, 41.944, 44.501, 7.928, 4.348, 38.363, 48.338, 13.299,other
21.345, 27.023, 11.619, 27.089, 34.726, 38.185, 11.488, 9.856, 32.311, 53.329, 14.36,other
18.531, 32.168, 6.993, 27.622, 32.867, 39.51, 9.441, 9.091, 34.615, 52.098, 13.287,other
24.503, 23.179, 11.258, 27.152, 38.411, 34.437, 11.921, 12.583, 33.775, 49.669, 16.556,other
14.883, 21.237, 18.227, 19.732, 41.973, 38.294, 8.528, 6.355, 36.957, 44.147, 18.896,other
20.968, 25.161, 11.935, 26.452, 38.065, 35.484, 14.194, 6.774, 31.613, 53.548, 14.839,other
10.052, 33.763, 12.113, 13.402, 40.464, 46.134, 5.928, 4.124, 36.082, 50.0, 13.918,other
15.854, 26.655, 12.369, 21.777, 40.244, 37.979, 8.188, 7.666, 37.631, 48.432, 13.937,other
16.559, 22.186, 11.897, 22.508, 44.212, 33.28, 9.968, 6.592, 38.103, 47.749, 14.148,other
13.274, 28.319, 14.381, 17.035, 40.265, 42.699, 7.743, 5.531, 34.071, 49.558, 16.372,other
25.402, 26.897, 12.184, 32.874, 30.69, 36.437, 15.287, 10.115, 28.161, 55.057, 16.782,other
39.237, 19.389, 7.481, 45.191, 29.008, 25.802, 19.542, 19.695, 24.275, 64.58, 11.145,other
28.481, 21.994, 6.804, 35.443, 33.703, 30.854, 16.139, 12.342, 32.911, 54.905, 12.184,other
16.464, 25.997, 15.771, 20.451, 39.341, 40.208, 9.705, 6.759, 34.315, 48.007, 17.678,other
17.511, 24.602, 14.472, 22.576, 38.35, 39.074, 9.986, 7.525, 34.009, 49.928, 16.064,other
15.721, 27.553, 17.666, 20.259, 37.763, 41.977, 8.914, 6.807, 31.929, 49.433, 18.639,other
12.707, 27.993, 15.101, 18.048, 39.227, 42.726, 7.551, 5.157, 35.912, 49.355, 14.733,other
21.311, 26.639, 12.5, 25.0, 37.295, 37.705, 13.115, 8.197, 31.557, 52.049, 16.393,other
24.268, 20.921, 5.021, 31.381, 42.678, 25.941, 14.226, 10.042, 26.778, 63.18, 10.042,other
20.03, 23.065, 12.595, 23.672, 40.971, 35.357, 10.926, 9.105, 34.598, 49.469, 15.933,other
12.121, 35.431, 9.557, 14.219, 40.793, 44.988, 6.993, 5.128, 35.431, 54.079, 10.49,other
16.541, 26.692, 10.714, 18.421, 46.053, 35.526, 8.459, 8.083, 37.406, 47.744, 14.85,other
14.369, 27.573, 10.68, 18.835, 40.777, 40.388, 7.573, 6.796, 35.728, 52.039, 12.233,other
19.288, 25.816, 12.166, 25.816, 36.499, 37.685, 11.869, 7.418, 31.751, 51.929, 16.32,other
21.379, 26.345, 11.172, 26.483, 36.966, 36.552, 11.724, 9.655, 35.31, 48.69, 16.0,other
20.91, 27.243, 11.873, 25.264, 36.544, 38.193, 11.544, 9.367, 33.839, 51.451, 14.71,other
22.473, 26.309, 13.337, 27.527, 33.8, 38.672, 12.119, 10.353, 30.146, 55.542, 14.312,other
24.027, 24.564, 10.604, 28.322, 38.926, 32.752, 13.96, 10.067, 32.752, 51.007, 16.242,other
19.479, 27.147, 11.81, 26.227, 34.816, 38.957, 11.043, 8.436, 30.982, 53.221, 15.798,other
37.931, 16.092, 10.345, 43.678, 31.034, 25.287, 20.69, 17.241, 32.184, 56.322, 11.494,other
19.417, 22.33, 12.298, 26.214, 40.453, 33.333, 12.621, 6.796, 39.806, 42.718, 17.476,other
16.236, 28.044, 11.439, 18.819, 43.542, 37.638, 9.225, 7.011, 38.007, 48.708, 13.284,other
14.639, 24.33, 18.969, 18.144, 42.268, 39.588, 9.485, 5.155, 35.258, 46.598, 18.144,other
17.737, 22.018, 9.174, 25.076, 43.731, 31.193, 11.927, 5.81, 38.838, 49.847, 11.315,other
23.298, 21.466, 13.351, 29.581, 37.696, 32.723, 13.874, 9.424, 32.723, 51.309, 15.969,other
27.492, 26.284, 6.042, 29.305, 38.369, 32.326, 14.502, 12.991, 39.879, 47.432, 12.689,other
18.045, 34.586, 11.654, 21.053, 31.203, 47.744, 12.03, 6.015, 27.444, 57.143, 15.414,other
13.696, 24.39, 15.76, 19.7, 41.463, 38.837, 6.379, 7.317, 37.148, 45.966, 16.886,other
17.84, 24.257, 16.275, 24.257, 38.341, 37.402, 9.39, 8.451, 34.898, 46.322, 18.779,other
15.044, 24.558, 17.035, 18.584, 39.823, 41.593, 8.85, 6.195, 32.743, 48.009, 19.248,other
27.031, 25.469, 5.781, 33.125, 36.25, 30.625, 14.375, 12.656, 36.562, 49.375, 14.062,other
12.903, 27.894, 17.268, 14.991, 41.935, 43.074, 8.159, 4.744, 34.345, 45.731, 19.924,other
27.807, 22.193, 7.754, 31.551, 34.492, 33.957, 14.706, 13.102, 34.759, 54.278, 10.963,other
14.925, 27.861, 12.438, 18.657, 37.065, 44.279, 9.95, 4.975, 33.831, 48.01, 18.159,other
21.22, 22.812, 15.119, 25.464, 41.91, 32.626, 12.467, 8.753, 35.013, 48.806, 16.18,other
24.635, 25.331, 10.438, 28.949, 35.839, 35.212, 14.196, 10.438, 32.916, 53.375, 13.709,other
25.204, 26.839, 11.035, 30.245, 32.289, 37.466, 14.578, 10.627, 28.202, 57.766, 14.033,other
17.568, 30.18, 13.063, 21.171, 34.234, 44.595, 13.063, 4.505, 26.577, 60.811, 12.613,other
20.588, 20.0, 8.431, 33.725, 39.02, 27.255, 10.98, 9.608, 35.882, 53.922, 10.196,other
20.847, 22.476, 10.423, 28.339, 37.134, 34.528, 13.681, 7.166, 33.225, 52.117, 14.658,other
21.049, 23.6, 15.45, 27.215, 36.215, 36.57, 11.41, 9.639, 32.53, 50.957, 16.513,other
17.041, 21.536, 14.981, 22.285, 40.637, 37.079, 9.551, 7.491, 36.142, 47.378, 16.479,other
16.263, 23.529, 13.841, 19.377, 45.675, 34.948, 10.035, 6.228, 39.446, 44.983, 15.571,other
20.521, 28.99, 13.029, 25.081, 35.505, 39.414, 14.658, 5.863, 29.642, 54.072, 16.287,other
27.081, 24.267, 9.73, 35.522, 32.239, 32.239, 15.358, 11.723, 30.832, 55.686, 13.482,other
25.496, 19.46, 10.961, 30.342, 41.938, 27.72, 13.582, 11.914, 37.172, 49.166, 13.662,other
17.539, 27.749, 16.23, 20.419, 37.173, 42.408, 10.209, 7.33, 32.199, 51.309, 16.492,other
12.028, 30.189, 9.198, 15.802, 42.217, 41.981, 8.019, 4.009, 38.208, 48.585, 13.208,other
13.913, 26.957, 12.826, 18.913, 38.696, 42.391, 8.478, 5.435, 35.652, 49.565, 14.783,other
14.603, 25.714, 15.873, 19.841, 39.841, 40.317, 7.46, 7.143, 34.762, 47.46, 17.778,other
25.269, 27.957, 18.011, 29.032, 27.688, 43.28, 15.054, 10.215, 24.731, 54.032, 21.237,other
22.642, 20.889, 15.229, 26.28, 38.275, 35.445, 11.051, 11.59, 36.523, 44.744, 18.733,other
20.382, 22.611, 13.694, 23.885, 42.675, 33.439, 14.013, 6.369, 35.032, 47.452, 17.516,other
10.465, 39.535, 8.43, 17.151, 32.558, 50.291, 6.105, 4.36, 26.744, 62.209, 11.047,other
12.821, 32.308, 18.462, 13.333, 41.026, 45.641, 6.667, 6.154, 33.333, 51.282, 15.385,other
22.101, 22.826, 9.42, 27.174, 43.841, 28.986, 12.681, 9.42, 43.116, 47.826, 9.058,other
9.935, 31.749, 7.559, 17.279, 40.821, 41.901, 5.4, 4.536, 34.341, 55.94, 9.719,other
14.935, 26.104, 11.169, 18.312, 44.026, 37.662, 7.013, 7.922, 42.208, 45.455, 12.338,other
22.006, 24.184, 10.342, 27.372, 39.347, 33.281, 12.208, 9.798, 36.936, 49.378, 13.686,other
19.689, 27.131, 12.788, 26.184, 35.318, 38.498, 11.434, 8.254, 32.003, 50.812, 17.185,other
21.399, 25.012, 10.144, 26.216, 39.185, 34.599, 11.765, 9.634, 33.905, 51.737, 14.358,other
25.948, 24.431, 13.657, 30.653, 34.294, 35.053, 15.933, 10.015, 29.439, 53.414, 17.147,other
19.465, 24.666, 12.481, 25.854, 37.296, 36.85, 10.996, 8.47, 33.581, 49.629, 16.79,other
34.483, 18.391, 10.345, 43.678, 31.034, 25.287, 14.943, 19.54, 28.736, 59.77, 11.494,other
23.248, 23.908, 12.696, 29.761, 34.048, 36.191, 12.531, 10.717, 32.069, 51.195, 16.735,other
17.957, 26.316, 11.765, 21.053, 39.628, 39.319, 10.217, 7.74, 37.461, 49.536, 13.003,other
14.26, 27.451, 15.686, 18.36, 37.611, 44.029, 8.021, 6.239, 34.403, 49.02, 16.578,other
19.575, 27.594, 14.858, 28.302, 28.538, 43.16, 11.557, 8.019, 28.066, 54.245, 17.689,other
24.438, 20.506, 13.483, 29.775, 37.64, 32.584, 14.045, 10.393, 32.022, 53.09, 14.888,other
10.035, 29.412, 11.765, 15.225, 42.561, 42.215, 7.612, 2.422, 35.986, 47.405, 16.609,other
8.654, 32.212, 8.413, 12.74, 44.471, 42.788, 6.01, 2.644, 38.221, 51.202, 10.577,other
19.727, 24.219, 15.43, 25.586, 34.18, 40.234, 10.742, 8.984, 32.031, 49.609, 18.359,other
20.116, 26.499, 13.926, 25.145, 34.623, 40.232, 9.091, 11.025, 32.495, 51.838, 15.667,other
24.88, 23.923, 12.919, 31.579, 33.971, 34.45, 13.397, 11.483, 27.273, 58.852, 13.876,other
22.687, 23.789, 15.859, 29.736, 30.837, 39.427, 11.894, 10.793, 29.515, 50.661, 19.824,other
30.29, 27.801, 8.299, 32.78, 34.44, 32.78, 15.353, 14.938, 33.195, 52.697, 14.108,other
16.667, 19.333, 9.667, 21.333, 49.333, 29.333, 10.333, 6.333, 45.0, 41.667, 13.333,other
12.844, 33.028, 13.761, 16.514, 35.78, 47.706, 9.174, 3.67, 35.78, 47.706, 16.514,other
14.286, 31.081, 10.618, 16.602, 43.05, 40.347, 8.301, 5.985, 37.645, 49.035, 13.32,other
17.761, 28.686, 9.316, 23.257, 40.416, 36.327, 9.786, 7.976, 34.786, 52.882, 12.332,other
17.13, 22.994, 11.265, 23.92, 41.512, 34.568, 8.488, 8.642, 39.198, 44.907, 15.895,other
15.541, 29.054, 10.811, 20.27, 41.216, 38.514, 8.446, 7.095, 36.486, 51.689, 11.824,other
27.919, 18.477, 7.31, 33.198, 42.335, 24.467, 15.533, 12.386, 35.127, 52.995, 11.878,protein
22.814, 25.053, 9.168, 31.023, 35.821, 33.156, 12.047, 10.768, 32.836, 55.011, 12.154,protein
30.243, 23.4, 6.402, 37.748, 31.788, 30.464, 14.349, 15.894, 31.347, 56.291, 12.362,protein
24.893, 24.464, 6.867, 32.189, 35.622, 32.189, 14.163, 10.73, 33.906, 55.794, 10.3,protein
23.329, 7.412, 8.627, 37.424, 47.145, 15.431, 11.665, 11.665, 47.145, 44.228, 8.627,protein
22.911, 25.209, 11.351, 29.318, 35.237, 35.446, 11.142, 11.769, 31.894, 54.457, 13.649,protein
27.978, 20.446, 10.607, 38.201, 33.436, 28.363, 15.988, 11.991, 29.362, 57.802, 12.836,protein
18.047, 18.343, 15.68, 26.923, 38.757, 34.32, 10.059, 7.988, 32.84, 49.704, 17.456,protein
25.389, 25.907, 6.218, 35.233, 30.052, 34.715, 12.435, 12.953, 30.052, 60.104, 9.845,protein
14.221, 28.894, 12.415, 20.316, 38.6, 41.084, 9.481, 4.74, 31.828, 51.919, 16.253,protein
16.279, 31.008, 14.341, 19.38, 35.271, 45.349, 7.752, 8.527, 28.295, 55.039, 16.667,protein
25.263, 14.737, 6.316, 36.842, 32.632, 30.526, 13.684, 11.579, 38.947, 47.368, 13.684,protein
16.425, 15.459, 10.628, 24.638, 47.826, 27.536, 8.213, 8.213, 42.029, 45.411, 12.56,protein
31.034, 14.943, 9.195, 47.126, 21.839, 31.034, 17.241, 13.793, 28.736, 57.471, 13.793,protein
23.239, 32.394, 4.225, 29.577, 33.803, 36.62, 11.268, 11.972, 30.282, 60.563, 9.155,protein
24.324, 25.884, 11.331, 32.952, 29.418, 37.63, 11.642, 12.682, 28.482, 57.9, 13.617,protein
21.26, 20.472, 14.961, 31.496, 33.071, 35.433, 10.236, 11.024, 33.071, 54.331, 12.598,protein
18.93, 27.023, 12.141, 24.282, 38.773, 36.945, 10.705, 8.225, 34.073, 50.914, 15.013,protein
31.026, 22.519, 8.09, 36.364, 33.862, 29.775, 16.764, 14.262, 30.942, 59.133, 9.925,protein
13.147, 24.701, 19.92, 19.124, 38.247, 42.629, 8.367, 4.781, 29.88, 44.223, 25.896,protein
17.633, 30.676, 10.145, 24.396, 35.507, 40.097, 10.145, 7.488, 32.126, 54.589, 13.285,protein
30.346, 22.03, 12.095, 35.205, 32.397, 32.397, 14.795, 15.551, 30.346, 54.86, 14.795,protein
14.772, 14.58, 8.106, 20.719, 56.691, 22.59, 7.914, 6.859, 48.01, 42.83, 9.161,protein
15.517, 28.325, 19.212, 20.197, 36.946, 42.857, 9.113, 6.404, 28.571, 49.754, 21.675,protein
28.618, 19.079, 13.816, 33.882, 36.513, 29.605, 13.816, 14.803, 29.934, 52.961, 17.105,protein
31.521, 21.643, 8.768, 37.514, 33.185, 29.301, 15.427, 16.093, 30.966, 55.383, 13.651,protein
24.47, 27.542, 11.864, 33.157, 28.496, 38.347, 9.852, 14.619, 26.907, 59.852, 13.242,protein
31.343, 26.866, 4.478, 32.836, 34.328, 32.836, 17.91, 13.433, 41.791, 53.731, 4.478,protein
19.048, 17.143, 5.714, 32.381, 41.905, 25.714, 10.476, 8.571, 40.952, 50.476, 8.571,protein
18.919, 22.072, 7.658, 25.676, 44.595, 29.73, 10.36, 8.559, 41.892, 50.0, 8.108,protein
25.926, 25.926, 8.081, 33.333, 32.66, 34.007, 14.478, 11.448, 32.66, 55.892, 11.448,protein
26.448, 19.718, 10.642, 37.246, 35.681, 27.074, 13.302, 13.146, 33.177, 53.678, 13.146,protein
21.572, 28.154, 11.883, 27.057, 34.918, 38.026, 11.7, 9.872, 30.713, 53.931, 15.356,protein
29.436, 21.219, 12.325, 34.673, 33.995, 31.332, 16.749, 12.686, 29.842, 53.679, 16.479,protein
22.871, 25.061, 7.543, 30.9, 35.645, 33.455, 12.044, 10.827, 32.847, 56.204, 10.949,protein
28.193, 24.971, 8.861, 34.292, 33.717, 31.991, 14.384, 13.809, 31.646, 57.192, 11.162,protein
27.152, 23.652, 9.272, 32.167, 36.897, 30.937, 14.191, 12.961, 35.099, 54.021, 10.88,protein
22.826, 21.498, 9.903, 32.609, 37.681, 29.71, 12.802, 10.024, 33.816, 52.536, 13.647,protein
12.579, 11.5, 8.446, 34.052, 46.181, 19.766, 7.367, 5.211, 42.498, 47.978, 9.524,protein
21.918, 20.548, 9.589, 26.027, 43.151, 30.822, 12.329, 9.589, 43.836, 43.151, 13.014,protein
15.0, 28.958, 11.042, 22.292, 38.125, 39.583, 8.75, 6.25, 32.083, 53.125, 14.792,protein
26.277, 22.628, 13.869, 33.212, 34.672, 32.117, 17.518, 8.759, 27.007, 55.839, 17.153,protein
20.0, 19.355, 11.613, 31.613, 36.774, 31.613, 6.452, 13.548, 34.839, 52.903, 12.258,protein
17.698, 25.743, 9.406, 23.391, 42.45, 34.158, 9.901, 7.797, 36.757, 50.0, 13.243,protein
34.444, 16.667, 6.667, 37.778, 32.222, 30.0, 17.778, 16.667, 31.111, 58.889, 10.0,protein
20.833, 17.857, 8.929, 31.548, 42.857, 25.595, 13.095, 7.738, 38.095, 53.571, 8.333,protein
29.707, 22.385, 8.787, 36.82, 34.1, 29.079, 14.644, 15.063, 28.87, 58.577, 12.552,protein
24.601, 26.518, 8.307, 32.588, 33.546, 33.866, 14.377, 10.224, 31.629, 56.23, 12.141,protein
24.553, 26.246, 12.135, 34.055, 27.469, 38.476, 12.324, 12.23, 26.058, 60.865, 13.076,protein
25.565, 24.396, 8.963, 32.892, 34.762, 32.346, 13.25, 12.315, 32.814, 56.274, 10.912,protein
11.366, 12.722, 8.342, 32.013, 47.341, 20.647, 6.882, 4.484, 43.691, 47.237, 9.072,protein
26.442, 28.486, 8.894, 35.096, 30.168, 34.736, 12.74, 13.702, 32.091, 57.933, 9.976,protein
23.4, 25.607, 10.817, 26.711, 39.956, 33.333, 13.024, 10.375, 33.775, 51.435, 14.79,protein
22.629, 24.21, 10.566, 26.955, 38.02, 35.025, 11.814, 10.815, 35.607, 51.997, 12.396,protein
24.779, 21.239, 13.274, 30.088, 32.743, 37.168, 11.504, 13.274, 32.743, 51.327, 15.929,protein
24.654, 23.529, 10.208, 31.315, 37.024, 31.661, 11.246, 13.408, 34.775, 53.028, 12.197,protein
20.27, 22.297, 10.135, 22.973, 47.297, 29.73, 12.162, 8.108, 45.27, 43.919, 10.811,protein
30.0, 28.75, 8.75, 35.0, 30.0, 35.0, 18.75, 11.25, 23.75, 65.0, 11.25,protein
28.205, 22.775, 11.614, 34.54, 33.786, 31.674, 13.273, 14.932, 32.579, 54.299, 13.122,protein
16.535, 35.433, 7.087, 18.898, 37.795, 43.307, 11.024, 5.512, 35.433, 51.181, 13.386,protein
19.096, 27.843, 9.767, 26.239, 37.026, 36.735, 10.641, 8.455, 33.236, 52.478, 14.286,protein
20.43, 15.054, 9.677, 38.71, 31.183, 30.108, 9.677, 10.753, 34.409, 54.839, 10.753,protein
26.174, 12.752, 8.725, 38.926, 41.611, 19.463, 15.436, 10.738, 40.268, 46.309, 13.423,protein
24.138, 20.69, 5.747, 40.23, 27.586, 32.184, 11.494, 12.644, 36.782, 55.172, 8.046,protein
33.492, 9.739, 3.088, 40.618, 46.318, 13.064, 18.052, 15.439, 47.743, 47.268, 4.988,protein
24.815, 26.753, 10.886, 33.948, 29.428, 36.624, 11.993, 12.823, 27.86, 59.594, 12.546,protein
24.059, 24.223, 12.93, 29.787, 33.224, 36.989, 13.584, 10.475, 31.097, 54.501, 14.403,protein
30.841, 24.065, 10.514, 37.383, 27.57, 35.047, 15.187, 15.654, 28.505, 57.71, 13.785,protein
26.636, 23.832, 11.449, 32.009, 33.879, 34.112, 14.019, 12.617, 28.505, 56.776, 14.72,protein
25.219, 21.272, 11.404, 31.579, 37.719, 30.702, 14.254, 10.965, 34.211, 51.754, 14.035,protein
10.502, 26.712, 14.612, 17.123, 42.237, 40.639, 6.849, 3.653, 36.986, 47.26, 15.753,sugar
17.594, 21.903, 13.285, 23.878, 41.113, 35.009, 9.156, 8.438, 37.343, 45.961, 16.697,sugar
15.458, 27.29, 13.931, 20.038, 38.931, 41.031, 8.588, 6.87, 33.779, 50.573, 15.649,sugar
16.481, 28.148, 11.667, 20.926, 40.556, 38.519, 9.815, 6.667, 34.259, 50.556, 15.185,sugar
10.791, 27.818, 19.185, 16.307, 35.731, 47.962, 6.715, 4.077, 31.894, 47.002, 21.103,sugar
24.798, 28.032, 7.817, 31.536, 33.154, 35.31, 13.208, 11.59, 28.841, 59.569, 11.59,sugar
12.463, 30.861, 12.76, 18.991, 38.279, 42.73, 7.418, 5.045, 33.234, 53.116, 13.65,sugar
19.344, 21.833, 10.973, 27.828, 41.063, 31.109, 9.276, 10.068, 38.462, 48.303, 13.235,sugar
15.326, 26.437, 14.751, 20.115, 38.697, 41.188, 9.195, 6.13, 33.525, 48.851, 17.625,sugar
13.922, 27.843, 11.961, 17.843, 42.941, 39.216, 8.824, 5.098, 37.451, 47.059, 15.49,sugar
24.086, 24.086, 10.467, 28.373, 37.074, 34.552, 13.241, 10.845, 35.057, 50.694, 14.25,sugar
11.183, 28.602, 13.763, 16.129, 38.28, 45.591, 6.237, 4.946, 35.699, 49.462, 14.839,sugar
9.669, 30.28, 7.888, 15.013, 43.003, 41.985, 6.361, 3.308, 40.967, 46.565, 12.468,sugar
14.199, 29.305, 16.616, 19.335, 35.045, 45.619, 9.366, 4.834, 29.003, 53.172, 17.825,sugar
17.549, 27.437, 11.838, 22.284, 36.49, 41.226, 9.331, 8.217, 33.287, 51.95, 14.763,sugar
13.873, 25.723, 16.474, 16.474, 41.329, 42.197, 8.671, 5.202, 33.237, 48.266, 18.497,sugar
11.573, 28.19, 13.353, 19.288, 37.685, 43.027, 7.715, 3.858, 35.312, 49.852, 14.837,sugar
14.718, 27.621, 11.492, 21.573, 37.097, 41.331, 7.661, 7.056, 33.871, 51.411, 14.718,sugar
15.527, 24.03, 14.603, 21.442, 39.002, 39.556, 8.503, 7.024, 35.675, 46.396, 17.93,sugar
14.612, 25.342, 18.721, 17.58, 38.356, 44.064, 8.904, 5.708, 30.594, 50.685, 18.721,sugar
20.432, 22.591, 13.621, 25.249, 38.206, 36.545, 10.963, 9.468, 36.877, 46.512, 16.611,sugar
16.416, 28.464, 12.801, 19.578, 37.952, 42.47, 9.036, 7.38, 33.584, 51.506, 14.91,sugar
15.217, 29.076, 13.587, 19.837, 37.5, 42.663, 9.239, 5.978, 33.967, 50.272, 15.761,sugar
13.813, 25.875, 15.175, 21.206, 35.409, 43.385, 7.588, 6.226, 30.934, 51.556, 17.51,sugar
13.197, 25.093, 11.524, 16.729, 44.981, 38.29, 8.364, 4.833, 41.822, 44.61, 13.569,sugar
15.737, 28.088, 11.753, 19.522, 37.45, 43.028, 8.964, 6.773, 33.665, 50.996, 15.339,sugar
21.782, 25.743, 7.921, 27.723, 36.634, 35.644, 11.881, 9.901, 35.644, 57.426, 6.931,sugar
16.959, 28.655, 17.251, 23.684, 33.333, 42.982, 11.988, 4.971, 28.947, 52.339, 18.713,sugar
14.63, 27.593, 13.519, 18.704, 40.37, 40.926, 8.519, 6.111, 34.444, 51.296, 14.259,sugar
14.688, 28.042, 12.018, 18.843, 40.356, 40.801, 7.864, 6.825, 34.421, 51.484, 14.095,sugar
15.686, 29.692, 18.207, 19.608, 36.695, 43.697, 10.084, 5.602, 29.412, 53.221, 17.367,sugar
12.613, 30.33, 12.312, 20.12, 36.036, 43.844, 8.108, 4.505, 31.832, 54.655, 13.514,sugar
13.556, 30.059, 10.02, 20.039, 40.079, 39.882, 7.073, 6.483, 33.595, 52.063, 14.342,sugar
17.535, 23.09, 14.931, 22.917, 38.715, 38.368, 9.028, 8.507, 35.417, 47.396, 17.188,sugar
18.019, 23.052, 11.526, 26.299, 37.987, 35.714, 8.766, 9.253, 37.5, 48.052, 14.448,sugar
23.539, 25.543, 9.85, 28.381, 36.561, 35.058, 12.855, 10.684, 35.559, 50.417, 14.023,sugar
14.137, 27.53, 12.5, 17.56, 41.071, 41.369, 7.887, 6.25, 36.161, 47.917, 15.923,sugar
11.93, 28.421, 8.421, 17.544, 41.053, 41.404, 8.07, 3.86, 36.491, 50.526, 12.982,sugar
15.779, 28.402, 14.596, 20.513, 35.7, 43.787, 8.876, 6.903, 32.544, 50.493, 16.963,sugar
14.953, 24.486, 11.963, 18.318, 43.178, 38.505, 8.972, 5.981, 40.748, 44.486, 14.766,sugar
15.248, 28.713, 11.287, 21.386, 37.228, 41.386, 8.515, 6.733, 33.465, 51.881, 14.653,sugar
29.87, 24.675, 8.442, 37.013, 30.519, 32.468, 11.688, 18.182, 31.169, 57.143, 11.688,sugar
13.376, 33.758, 13.376, 17.834, 36.306, 45.86, 8.28, 5.096, 31.847, 52.866, 15.287,sugar
12.67, 29.412, 15.385, 19.457, 37.557, 42.986, 7.692, 4.977, 32.127, 48.869, 19.005,sugar
12.587, 24.942, 14.219, 16.783, 43.823, 39.394, 7.459, 5.128, 38.928, 44.988, 16.084,sugar
12.939, 27.726, 10.166, 16.636, 45.656, 37.708, 7.763, 5.176, 40.296, 46.026, 13.678,sugar
14.371, 31.337, 11.377, 21.158, 35.928, 42.914, 7.186, 7.186, 30.339, 55.489, 14.172,sugar
17.75, 22.671, 14.938, 22.671, 38.313, 39.016, 8.612, 9.139, 35.852, 46.397, 17.75,sugar
14.786, 25.292, 13.619, 23.541, 38.521, 37.938, 7.782, 7.004, 34.436, 49.027, 16.537,sugar
17.254, 25.974, 10.019, 21.15, 42.115, 36.735, 10.39, 6.865, 36.92, 48.794, 14.286,sugar
10.459, 28.316, 12.5, 16.071, 38.52, 45.408, 6.633, 3.827, 35.459, 48.214, 16.327,sugar
19.332, 21.968, 14.587, 25.835, 38.313, 35.852, 10.018, 9.315, 36.204, 46.397, 17.399,sugar
15.789, 24.366, 12.281, 19.688, 41.91, 38.402, 9.162, 6.628, 39.376, 46.004, 14.62,sugar
15.789, 27.53, 14.17, 22.672, 34.413, 42.915, 9.717, 6.073, 32.389, 52.227, 15.385,sugar
11.864, 28.814, 19.661, 16.949, 39.322, 43.729, 6.78, 5.085, 31.525, 45.763, 22.712,sugar
15.818, 27.078, 11.796, 22.788, 37.265, 39.946, 9.383, 6.434, 34.316, 50.67, 15.013,sugar
10.264, 36.07, 6.158, 16.422, 37.83, 45.748, 6.452, 3.812, 36.364, 53.666, 9.971,sugar
15.827, 27.818, 13.669, 20.863, 40.528, 38.609, 11.271, 4.556, 31.894, 53.957, 14.149,sugar
15.733, 28.017, 12.284, 20.043, 37.5, 42.457, 9.483, 6.25, 34.052, 50.431, 15.517,sugar
14.837, 28.455, 12.602, 20.935, 36.992, 42.073, 8.537, 6.301, 31.301, 52.846, 15.854,sugar